subject,status,timestamp,has_error,error_summary
00003,SUCCESS,2025-08-23 18:16:01.965903,False,
00016,SUCCESS,2025-08-23 18:16:34.535060,False,
00017,SUCCESS,2025-08-23 18:15:51.237335,False,
00023,SUCCESS,2025-08-23 18:17:13.945929,False,
00041,SUCCESS,2025-08-23 18:15:40.260568,False,
00042,SUCCESS,2025-08-23 18:17:10.558588,False,
00043,SUCCESS,2025-08-23 18:15:39.973305,False,
00044,SUCCESS,2025-08-23 18:16:47.510547,False,
00045,SUCCESS,2025-08-23 18:17:40.424295,False,
00046,SUCCESS,2025-08-23 18:18:40.418889,False,
00047,SUCCESS,2025-08-23 18:18:20.903947,False,
00048,SUCCESS,2025-08-23 18:18:00.917534,False,
00049,SUCCESS,2025-08-23 18:18:42.895516,False,
00050,SUCCESS,2025-08-23 18:18:22.530242,False,
00051,SUCCESS,2025-08-23 18:19:29.152684,False,
00052,SUCCESS,2025-08-23 18:19:45.019568,False,
00053,SUCCESS,2025-08-23 18:20:04.234755,False,
00054,SUCCESS,2025-08-23 18:18:54.439211,False,
00055,SUCCESS,2025-08-23 18:20:32.534832,False,
00056,SUCCESS,2025-08-23 18:20:41.020978,False,
00057,SUCCESS,2025-08-23 18:19:46.919337,False,
00058,SUCCESS,2025-08-23 18:20:53.308238,False,
00059,FAILED - No valid results,2025-08-23 18:18:54.488879,False,
00060,FAILED - No valid results,2025-08-23 18:18:54.545383,False,
00061,FAILED - No valid results,2025-08-23 18:18:54.601573,False,
00062,SUCCESS,2025-08-23 18:21:05.498018,False,
00063,SUCCESS,2025-08-23 18:22:26.729178,False,
00064,SUCCESS,2025-08-23 18:20:13.777918,False,
00065,SUCCESS,2025-08-23 18:22:15.531196,False,
00066,SUCCESS,2025-08-23 18:22:02.865820,False,
00067,SUCCESS,2025-08-23 18:23:23.260163,False,
00068,SUCCESS,2025-08-23 18:23:10.539470,False,
00069,SUCCESS,2025-08-23 18:24:01.610347,False,
00070,SUCCESS,2025-08-23 18:24:08.766116,False,
00071,SUCCESS,2025-08-23 18:23:32.642968,False,
00072,SUCCESS,2025-08-23 18:23:59.932362,False,
00073,SUCCESS,2025-08-23 18:23:37.145224,False,
00074,SUCCESS,2025-08-23 18:23:51.229734,False,
00075,SUCCESS,2025-08-23 18:24:25.736833,False,
00076,SUCCESS,2025-08-23 18:26:09.224206,False,
00077,SUCCESS,2025-08-23 18:24:34.407391,False,
00078,SUCCESS,2025-08-23 18:25:12.616077,False,
00079,SUCCESS,2025-08-23 18:25:29.929777,False,
00080,SUCCESS,2025-08-23 18:24:39.954823,False,
00081,SUCCESS,2025-08-23 18:27:24.265553,False,
00082,SUCCESS,2025-08-23 18:26:38.832420,False,
00083,SUCCESS,2025-08-23 18:26:26.717450,False,
00084,SUCCESS,2025-08-23 18:27:34.243076,False,
00085,SUCCESS,2025-08-23 18:27:55.163774,False,
00086,SUCCESS,2025-08-23 18:27:49.254624,False,
00087,SUCCESS,2025-08-23 18:27:00.426834,False,
00088,FAILED - No valid results,2025-08-23 18:26:09.229748,False,
00089,FAILED - No valid results,2025-08-23 18:26:09.409014,False,
00090,SUCCESS,2025-08-23 18:27:55.539521,False,
00091,SUCCESS,2025-08-23 18:29:19.353056,False,
00092,SUCCESS,2025-08-23 18:30:09.713802,False,
00093,SUCCESS,2025-08-23 18:30:14.562293,False,
00094,SUCCESS,2025-08-23 18:30:58.850775,False,
00095,SUCCESS,2025-08-23 18:30:27.230574,False,
00096,SUCCESS,2025-08-23 18:28:59.361212,False,
00097,SUCCESS,2025-08-23 18:29:08.458325,False,
00098,SUCCESS,2025-08-23 18:31:36.005766,False,
00099,SUCCESS,2025-08-23 18:30:55.313235,False,
00100,SUCCESS,2025-08-23 18:32:52.372564,False,
00101,SUCCESS,2025-08-23 18:31:20.742389,False,
00102,SUCCESS,2025-08-23 18:31:18.131172,False,
00103,SUCCESS,2025-08-23 18:32:05.913189,False,
00104,SUCCESS,2025-08-23 18:33:31.688080,False,
00105,SUCCESS,2025-08-23 18:32:20.352634,False,
00106,SUCCESS,2025-08-23 18:33:15.528537,False,
00107,SUCCESS,2025-08-23 18:33:48.408623,False,
00108,SUCCESS,2025-08-23 18:33:15.322422,False,
00109,SUCCESS,2025-08-23 18:34:17.461745,False,
00110,SUCCESS,2025-08-23 18:34:55.625920,False,
00111,SUCCESS,2025-08-23 18:33:57.663021,False,
00112,SUCCESS,2025-08-23 18:35:06.418140,False,
