heartbeat_id,reference_sensor,reference_time,n_sensors,sensor2_time,sensor2_index,sensor3_time,sensor3_index,sensor4_time,sensor4_index,sensor5_time,sensor5_index
1,sensor3,1750838473.7842903,4,1750838473.7210362,39.0,1750838473.7842903,45,1750838473.7888184,46.0,1750838473.685361,35.0
2,sensor3,1750838474.6298578,4,1750838474.5935514,136.0,1750838474.6298578,140,1750838474.648046,142.0,1750838474.5403807,130.0
3,sensor3,1750838475.5121462,4,1750838475.4751472,233.0,1750838475.5121462,238,1750838475.511162,237.0,1750838475.4390662,229.0
4,sensor3,1750838476.3759546,4,1750838476.3439193,330.0,1750838476.3759546,333,1750838476.3804529,334.0,1750838476.304086,325.0
5,sensor3,1750838477.20431,4,1750838477.1493564,420.0,1750838477.20431,425,1750838477.220989,428.0,1750838477.1143725,416.0
6,sensor3,1750838478.0318615,3,,,1750838478.0318615,517,1750838477.995863,513.0,1750838477.941289,508.0
7,sensor3,1750838478.8610785,4,1750838478.8410487,608.0,1750838478.8610785,609,1750838478.9766753,623.0,1750838478.8056178,604.0
8,sensor3,1750838479.5841918,2,,,1750838479.5841918,690,,,1750838479.3680196,666.0
9,sensor3,1750838480.425738,4,1750838480.4122367,782.0,1750838480.425738,784,1750838480.407738,781.0,1750838480.1649947,755.0
10,sensor3,1750838481.204257,3,,,1750838481.204257,870,1750838481.2171822,872.0,1750838481.1286197,862.0
11,sensor3,1750838481.956375,4,1750838481.9242148,950.0,1750838481.956375,954,1750838481.974372,956.0,1750838481.8558652,943.0
12,sensor3,1750838482.7655883,4,1750838482.7114017,1037.0,1750838482.7655883,1044,1750838482.7655883,1044.0,1750838482.684853,1035.0
13,sensor3,1750838483.5398998,3,1750838483.504899,1125.0,1750838483.5398998,1129,1750838483.5568874,1132.0,,
14,sensor3,1750838484.2963586,3,,,1750838484.2963586,1214,1750838484.304257,1215.0,1750838484.1864493,1201.0
15,sensor3,1750838485.0236094,4,1750838484.9891117,1291.0,1750838485.0236094,1295,1750838485.034066,1296.0,1750838484.7997682,1269.0
16,sensor3,1750838485.7537634,4,1750838485.7087083,1371.0,1750838485.7537634,1376,1750838485.7447095,1375.0,1750838485.668152,1366.0
17,sensor3,1750838486.4649034,4,1750838486.4020295,1448.0,1750838486.4649034,1455,1750838486.473077,1456.0,1750838486.3919013,1447.0
18,sensor3,1750838487.2112374,4,1750838487.1390724,1529.0,1750838487.2112374,1537,1750838487.212116,1538.0,1750838487.1390724,1529.0
19,sensor3,1750838487.913844,4,1750838487.8640304,1610.0,1750838487.913844,1616,1750838487.913844,1616.0,1750838487.8248734,1606.0
20,sensor3,1750838488.6336997,4,1750838488.5881803,1691.0,1750838488.6336997,1696,1750838488.6517038,1697.0,1750838488.580129,1689.0
21,sensor3,1750838489.4077682,4,1750838489.3757863,1778.0,1750838489.4077682,1781,1750838489.424771,1784.0,1750838489.316945,1772.0
22,sensor3,1750838490.1814184,4,1750838490.1282594,1862.0,1750838490.1814184,1868,1750838490.1814184,1868.0,1750838490.1002288,1859.0
23,sensor3,1750838490.9733531,4,1750838490.9373524,1952.0,1750838490.9733531,1956,1750838490.9923582,1958.0,1750838490.8653738,1944.0
24,sensor3,1750838491.7295604,4,1750838491.638767,2029.0,1750838491.7295604,2040,1750838491.7295604,2040.0,1750838491.6760027,2034.0
25,sensor3,1750838492.503867,4,1750838492.439894,2119.0,1750838492.503867,2125,1750838492.5079114,2126.0,1750838492.4356425,2118.0
26,sensor3,1750838493.260398,4,1750838493.2593985,2209.0,1750838493.260398,2210,1750838493.2593985,2209.0,1750838493.1692362,2200.0
27,sensor3,1750838494.0517812,3,1750838494.0147817,2293.0,1750838494.0517812,2298,1750838494.0507815,2297.0,,
28,sensor3,1750838494.843763,4,1750838494.7711236,2377.0,1750838494.843763,2385,1750838494.825752,2384.0,1750838494.7800963,2379.0
29,sensor3,1750838495.6437593,4,1750838495.608145,2471.0,1750838495.6437593,2475,1750838495.6437593,2475.0,1750838495.5724554,2467.0
30,sensor3,1750838496.426833,3,1750838496.3641448,2555.0,1750838496.426833,2561,1750838496.426833,2561.0,,
31,sensor3,1750838497.1655483,4,1750838497.115726,2638.0,1750838497.1655483,2644,1750838497.182901,2645.0,1750838497.0765653,2634.0
32,sensor3,1750838497.9577568,4,1750838497.920772,2728.0,1750838497.9577568,2732,1750838497.9577568,2732.0,1750838497.9130726,2727.0
33,sensor3,1750838498.7856834,4,1750838498.7766569,2823.0,1750838498.7856834,2824,1750838498.8036988,2826.0,1750838498.740651,2819.0
34,sensor3,1750838499.5950882,4,1750838499.5413074,2908.0,1750838499.5950882,2913,1750838499.5681765,2911.0,1750838499.3157184,2883.0
35,sensor3,1750838500.3913443,4,1750838500.3329694,2996.0,1750838500.3913443,3002,1750838500.4276528,3006.0,1750838500.290636,2991.0
36,sensor3,1750838501.198031,3,,,1750838501.198031,3092,1750838501.178733,3089.0,1750838501.071807,3077.0
37,sensor3,1750838502.0112853,2,,,1750838502.0112853,3182,1750838502.0072353,3181.0,,
38,sensor3,1750838502.7723348,4,1750838502.736614,3263.0,1750838502.7723348,3267,1750838502.7677708,3266.0,1750838503.0194063,3294.0
39,sensor3,1750838503.5191278,4,1750838503.492912,3347.0,1750838503.5191278,3350,1750838503.537134,3352.0,1750838503.448188,3342.0
40,sensor3,1750838504.2937758,4,1750838504.2406118,3430.0,1750838504.2937758,3436,1750838504.31176,3438.0,1750838504.2122438,3427.0
41,sensor3,1750838505.0856907,4,1750838505.0408363,3519.0,1750838505.0856907,3524,1750838505.107699,3526.0,1750838505.013081,3516.0
42,sensor3,1750838505.8681257,4,1750838505.823583,3605.0,1750838505.8681257,3611,1750838505.8681257,3611.0,1750838505.7880094,3601.0
43,sensor3,1750838506.615954,4,1750838506.5611737,3688.0,1750838506.615954,3693,1750838506.5879078,3691.0,1750838506.5429137,3685.0
44,sensor3,1750838507.3755927,4,1750838507.334875,3773.0,1750838507.3755927,3778,1750838507.4073572,3781.0,1750838507.2812054,3768.0
45,sensor3,1750838508.16744,4,1750838508.1094563,3860.0,1750838508.16744,3866,1750838508.171549,3867.0,1750838508.0914545,3857.0
46,sensor3,1750838508.9596534,4,1750838508.9188683,3949.0,1750838508.9596534,3954,1750838508.9596534,3954.0,1750838508.8660398,3944.0
47,sensor3,1750838509.6837249,4,1750838509.638354,4029.0,1750838509.6837249,4035,1750838509.7202592,4039.0,1750838509.638354,4029.0
48,sensor3,1750838510.449566,4,1750838510.41312,4116.0,1750838510.449566,4120,1750838510.4675646,4122.0,1750838510.3940537,4113.0
49,sensor3,1750838511.2408812,4,1750838511.2050073,4204.0,1750838511.2408812,4208,1750838511.2590778,4209.0,1750838511.1596985,4199.0
50,sensor3,1750838512.050279,4,1750838511.9967556,4292.0,1750838512.050279,4297,1750838512.0592782,4299.0,1750838511.961482,4288.0
51,sensor3,1750838512.7891266,4,1750838512.7440114,4375.0,1750838512.7891266,4380,1750838512.8111784,4382.0,1750838512.7083423,4371.0
52,sensor3,1750838513.5360198,4,1750838513.4908752,4457.0,1750838513.5360198,4463,1750838513.5625577,4465.0,1750838513.463765,4455.0
53,sensor3,1750838514.2924943,4,1750838514.2558177,4543.0,1750838514.2924943,4547,1750838514.3004782,4548.0,1750838514.2115738,4538.0
54,sensor3,1750838515.0569465,4,1750838515.0037606,4626.0,1750838515.0569465,4632,1750838515.0569465,4632.0,1750838514.9675572,4622.0
55,sensor3,1750838515.7945223,4,1750838515.759065,4709.0,1750838515.7945223,4713,1750838515.7953796,4714.0,1750838515.6966286,4703.0
56,sensor3,1750838516.496963,4,1750838516.447732,4786.0,1750838516.496963,4792,1750838516.5192354,4794.0,1750838516.4155877,4783.0
57,sensor3,1750838517.2163508,4,1750838517.180317,4868.0,1750838517.2163508,4872,1750838517.2436182,4875.0,1750838517.1358955,4863.0
58,sensor3,1750838517.9730694,4,1750838517.9195752,4950.0,1750838517.9730694,4956,1750838517.993192,4957.0,1750838517.8915756,4947.0
59,sensor3,1750838518.7156549,3,,,1750838518.7156549,5038,1750838518.7156549,5038.0,1750838518.6425514,5030.0
60,sensor3,1750838519.4349504,4,1750838519.3769386,5112.0,1750838519.4349504,5118,1750838519.4349504,5118.0,1750838519.3599195,5110.0
61,sensor3,1750838520.1956766,4,1750838520.1604002,5199.0,1750838520.1956766,5203,1750838520.2226913,5205.0,1750838520.12369,5195.0
62,sensor3,1750838520.9882278,4,1750838520.9539886,5287.0,1750838520.9882278,5291,1750838520.9882278,5291.0,1750838520.9081006,5282.0
63,sensor3,1750838521.8158443,4,1750838521.7796493,5379.0,1750838521.8158443,5383,1750838521.788641,5380.0,1750838521.7396126,5374.0
64,sensor3,1750838522.5813675,4,1750838522.5619466,5465.0,1750838522.5813675,5468,1750838522.599251,5470.0,1750838522.5000105,5459.0
65,sensor3,1750838523.3595629,4,1750838523.3190937,5549.0,1750838523.3595629,5554,1750838523.3595629,5554.0,1750838523.2832222,5545.0
66,sensor3,1750838524.1508932,4,1750838524.111858,5638.0,1750838524.1508932,5642,1750838524.1866393,5646.0,1750838524.079281,5634.0
67,sensor3,1750838524.956554,4,1750838524.9122128,5727.0,1750838524.956554,5732,1750838524.977105,5734.0,1750838524.8712316,5722.0
68,sensor3,1750838525.7399209,4,1750838525.7039227,5815.0,1750838525.7399209,5819,1750838525.771488,5822.0,1750838525.6672027,5811.0
69,sensor3,1750838526.4911575,4,1750838526.4239087,5895.0,1750838526.4911575,5902,1750838526.5042355,5904.0,1750838526.3963838,5892.0
70,sensor3,1750838527.2422836,4,1750838527.1882584,5980.0,1750838527.2422836,5985,1750838527.2512884,5987.0,1750838527.152604,5976.0
71,sensor3,1750838528.016126,4,1750838527.971621,6067.0,1750838528.016126,6072,1750838528.035461,6073.0,1750838527.9310985,6062.0
72,sensor3,1750838528.795351,4,1750838528.7558696,6154.0,1750838528.795351,6158,1750838528.795351,6158.0,1750838528.718657,6149.0
73,sensor3,1750838529.555179,3,,,1750838529.555179,6243,1750838529.5821605,6245.0,1750838529.4739497,6233.0
74,sensor3,1750838530.2763329,4,1750838530.2297957,6317.0,1750838530.2763329,6323,1750838530.303557,6326.0,1750838530.1993318,6314.0
75,sensor3,1750838531.022427,4,1750838530.959826,6399.0,1750838531.022427,6405,1750838531.0404196,6408.0,1750838530.9506738,6397.0
76,sensor3,1750838531.779626,4,1750838531.7247157,6484.0,1750838531.779626,6489,1750838531.7837176,6490.0,1750838531.6881056,6480.0
77,sensor3,1750838532.5439675,4,1750838532.5030394,6570.0,1750838532.5439675,6575,1750838532.5519435,6576.0,1750838532.4629934,6565.0
78,sensor3,1750838533.262858,4,1750838533.226858,6651.0,1750838533.262858,6655,1750838533.2719524,6656.0,1750838533.1908755,6647.0
79,sensor3,1750838534.0204492,4,1750838533.9834533,6735.0,1750838534.0204492,6739,1750838534.0509562,6742.0,1750838533.947899,6731.0
80,sensor3,1750838534.8211305,4,1750838534.770867,6822.0,1750838534.8211305,6828,1750838534.8383644,6829.0,1750838534.748362,6820.0
81,sensor3,1750838535.670919,4,1750838535.6303473,6917.0,1750838535.670919,6922,1750838535.683708,6924.0,1750838535.5945203,6913.0
82,sensor3,1750838536.4395876,4,1750838536.397594,7003.0,1750838536.4395876,7008,1750838536.4631104,7010.0,1750838536.3598487,6999.0
83,sensor3,1750838537.250701,4,1750838537.214282,7093.0,1750838537.250701,7097,1750838537.2590148,7099.0,1750838537.1785097,7089.0
84,sensor3,1750838538.0875723,4,1750838538.0466676,7186.0,1750838538.0875723,7191,1750838538.096594,7192.0,1750838538.011004,7182.0
85,sensor3,1750838538.907124,3,,,1750838538.907124,7282,1750838538.9426775,7285.0,1750838538.8387833,7274.0
86,sensor3,1750838539.7012155,4,1750838539.6624432,7365.0,1750838539.7012155,7370,1750838539.7002158,7369.0,1750838539.626181,7361.0
87,sensor3,1750838540.508123,4,1750838540.4724724,7456.0,1750838540.508123,7460,1750838540.508123,7460.0,1750838540.4369154,7452.0
88,sensor3,1750838541.3725724,4,1750838541.3231952,7549.0,1750838541.3725724,7556,1750838541.390072,7557.0,1750838541.2911615,7547.0
89,sensor3,1750838542.1826718,3,,,1750838542.1826718,7646,1750838542.1995883,7648.0,1750838542.110503,7637.0
90,sensor3,1750838542.9742827,4,1750838542.9372828,7729.0,1750838542.9742827,7733,1750838542.9787984,7734.0,1750838542.902723,7725.0
91,sensor3,1750838543.801633,4,1750838543.765728,7821.0,1750838543.801633,7825,1750838543.8204875,7828.0,1750838543.7297337,7817.0
92,sensor3,1750838544.6482842,4,1750838544.603135,7915.0,1750838544.6482842,7920,1750838544.6301656,7917.0,1750838544.567531,7911.0
93,sensor3,1750838545.467163,3,,,1750838545.467163,8011,1750838545.494183,8013.0,1750838545.3906343,8002.0
94,sensor3,1750838546.2546277,4,1750838546.197361,8092.0,1750838546.2546277,8098,1750838546.2591202,8099.0,1750838546.182641,8090.0
95,sensor3,1750838547.0792625,3,,,1750838547.0792625,8190,1750838547.0962677,8192.0,1750838547.010737,8182.0
96,sensor3,1750838547.9608626,4,1750838547.9427752,8285.0,1750838547.9608626,8288,1750838547.9961743,8292.0,1750838547.910987,8282.0
97,sensor3,1750838548.851112,4,1750838548.8064458,8382.0,1750838548.851112,8387,1750838548.8611302,8388.0,1750838548.7791948,8379.0
98,sensor3,1750838549.671837,3,1750838549.6067348,8471.0,1750838549.671837,8477,,,1750838549.5712898,8467.0
99,sensor3,1750838550.4352458,4,1750838550.389634,8557.0,1750838550.4352458,8563,1750838550.4667454,8566.0,1750838550.389634,8557.0
100,sensor3,1750838551.271754,4,1750838551.2364514,8652.0,1750838551.271754,8656,1750838551.3079686,8660.0,1750838551.1820412,8645.0
101,sensor3,1750838552.1269343,4,1750838552.063177,8744.0,1750838552.1269343,8751,1750838552.1269343,8751.0,1750838552.063177,8744.0
102,sensor3,1750838552.9188943,4,1750838552.8788345,8834.0,1750838552.9188943,8839,1750838552.9278746,8840.0,1750838552.8383124,8829.0
103,sensor3,1750838553.7026677,4,1750838553.647393,8920.0,1750838553.7026677,8925,1750838553.7036712,8926.0,1750838553.6302717,8917.0
104,sensor3,1750838554.5348337,4,1750838554.494624,9013.0,1750838554.5348337,9018,1750838554.5503297,9020.0,1750838554.4396262,9008.0
105,sensor3,1750838555.398541,4,1750838555.3400488,9108.0,1750838555.398541,9114,1750838555.4031174,9115.0,1750838555.3226073,9105.0
106,sensor3,1750838556.1907468,4,1750838556.1516967,9198.0,1750838556.1907468,9202,1750838556.203899,9204.0,1750838556.1140306,9193.0
107,sensor3,1750838557.018414,4,1750838556.9823155,9290.0,1750838557.018414,9294,1750838557.0227308,9295.0,1750838556.9472184,9286.0
108,sensor3,1750838557.8822265,4,1750838557.8467145,9386.0,1750838557.8822265,9390,1750838557.913713,9393.0,1750838557.788518,9380.0
109,sensor3,1750838558.7056222,3,,,1750838558.7056222,9481,1750838558.7056222,9481.0,1750838558.6166089,9472.0
110,sensor3,1750838559.4988952,4,1750838559.4617176,9565.0,1750838559.4988952,9570,1750838559.5069208,9571.0,1750838559.4080248,9560.0
111,sensor3,1750838560.3260438,4,1750838560.2905562,9657.0,1750838560.3260438,9661,1750838560.3351583,9663.0,1750838560.2376733,9652.0
112,sensor3,1750838561.17189,4,1750838561.1357942,9752.0,1750838561.17189,9756,1750838561.1990287,9759.0,1750838561.099663,9748.0
113,sensor3,1750838561.993683,3,,,1750838561.993683,9847,1750838561.993683,9847.0,1750838561.9147046,9838.0
114,sensor3,1750838562.7740731,4,1750838562.7380068,9929.0,1750838562.7740731,9934,1750838562.8091328,9937.0,1750838562.71207,9927.0
115,sensor3,1750838563.575422,4,1750838563.54801,10020.0,1750838563.575422,10023,1750838563.6065395,10026.0,1750838563.4992793,10014.0
116,sensor3,1750838564.4032435,4,1750838564.3672566,10111.0,1750838564.4032435,10115,1750838564.4301038,10117.0,1750838564.3225756,10106.0
117,sensor3,1750838565.1956055,3,,,1750838565.1956055,10203,1750838565.1856077,10201.0,1750838565.114301,10193.0
118,sensor3,1750838565.9594717,4,1750838565.9239542,10284.0,1750838565.9594717,10288,1750838565.9954803,10292.0,1750838565.87909,10279.0
119,sensor3,1750838566.7791135,4,1750838566.7350123,10374.0,1750838566.7791135,10379,1750838566.8143194,10383.0,1750838566.707517,10371.0
120,sensor3,1750838567.6525168,4,1750838567.642532,10475.0,1750838567.6525168,10476,1750838567.6785166,10479.0,1750838567.5712774,10467.0
121,sensor3,1750838568.4677734,3,,,1750838568.4677734,10566,1750838568.4793725,10568.0,1750838568.3892803,10557.0
122,sensor3,1750838569.262379,4,1750838569.226508,10651.0,1750838569.262379,10655,1750838569.2896016,10657.0,1750838569.1815355,10645.0
123,sensor3,1750838570.09014,4,1750838570.0513754,10742.0,1750838570.09014,10747,1750838570.118134,10749.0,1750838570.0138133,10738.0
124,sensor3,1750838570.910246,4,1750838570.874246,10834.0,1750838570.910246,10837,1750838570.945793,10841.0,1750838570.8204231,10828.0
125,sensor3,1750838571.67436,4,1750838571.6298585,10917.0,1750838571.67436,10923,1750838571.67436,10923.0,1750838571.5984485,10914.0
126,sensor3,1750838572.4621549,4,1750838572.4324927,11007.0,1750838572.4621549,11010,1750838572.4660916,11011.0,1750838572.3865676,11002.0
127,sensor3,1750838573.2943769,4,1750838573.2583766,11099.0,1750838573.2943769,11103,1750838573.326512,11106.0,1750838573.2221098,11095.0
128,sensor3,1750838574.1231792,4,1750838574.0949142,11192.0,1750838574.1231792,11195,1750838574.1141803,11193.0,1750838574.04986,11187.0
129,sensor3,1750838574.906314,4,1750838574.8543165,11276.0,1750838574.906314,11281,1750838574.9237976,11284.0,1750838574.8155308,11272.0
130,sensor3,1750838575.734438,4,1750838575.6974218,11369.0,1750838575.734438,11373,1750838575.7516787,11376.0,1750838575.6621385,11365.0
131,sensor3,1750838576.6155274,4,1750838576.5620368,11466.0,1750838576.6155274,11472,1750838576.6155274,11472.0,1750838576.535387,11463.0
132,sensor3,1750838577.4613247,4,1750838577.4261358,11562.0,1750838577.4613247,11565,1750838577.4977982,11569.0,1750838577.3720162,11556.0
133,sensor3,1750838578.271221,4,1750838578.2263384,11651.0,1750838578.271221,11656,1750838578.2896483,11657.0,1750838578.1857123,11646.0
134,sensor3,1750838579.118444,4,1750838579.0861454,11746.0,1750838579.118444,11750,1750838579.1719203,11756.0,1750838579.049859,11742.0
135,sensor3,1750838580.0184407,4,1750838579.985825,11846.0,1750838580.0184407,11850,1750838580.0529945,11853.0,1750838579.945692,11841.0
136,sensor3,1750838580.845697,4,1750838580.8144417,11938.0,1750838580.845697,11942,1750838580.8542233,11943.0,1750838580.7779613,11934.0
137,sensor3,1750838581.673215,4,1750838581.6190326,12028.0,1750838581.673215,12033,1750838581.7093835,12037.0,1750838581.6010177,12025.0
138,sensor3,1750838582.537917,4,1750838582.5014637,12125.0,1750838582.537917,12129,1750838582.5023613,12126.0,1750838582.4479256,12120.0
139,sensor3,1750838583.4024522,4,1750838583.3477333,12220.0,1750838583.4024522,12225,1750838583.4024522,12225.0,1750838583.329733,12217.0
140,sensor3,1750838584.1992912,4,1750838584.1598258,12310.0,1750838584.1992912,12314,1750838584.2337966,12318.0,1750838584.126089,12306.0
141,sensor3,1750838585.0309207,4,1750838584.9946988,12403.0,1750838585.0309207,12407,1750838585.0928023,12413.0,1750838584.9541018,12398.0
142,sensor3,1750838585.8942454,4,1750838585.859105,12499.0,1750838585.8942454,12503,1750838585.9302847,12507.0,1750838585.813493,12494.0
143,sensor3,1750838586.7583776,4,1750838586.7217956,12595.0,1750838586.7583776,12599,1750838586.7940516,12603.0,1750838586.6963236,12592.0
144,sensor3,1750838587.5777924,4,1750838587.523014,12684.0,1750838587.5777924,12689,1750838587.6139538,12693.0,1750838587.4874537,12680.0
145,sensor3,1750838588.4100745,4,1750838588.371332,12777.0,1750838588.4100745,12782,1750838588.446573,12786.0,1750838588.3330612,12773.0
146,sensor3,1750838589.273921,4,1750838589.214672,12872.0,1750838589.273921,12878,1750838589.3139925,12883.0,1750838589.2017262,12870.0
147,sensor3,1750838590.141498,4,1750838590.0977116,12970.0,1750838590.141498,12975,1750838590.1737907,12978.0,1750838590.0657744,12966.0
148,sensor3,1750838590.9334395,4,1750838590.8990953,13059.0,1750838590.9334395,13063,1750838590.9630723,13065.0,1750838590.8577876,13054.0
149,sensor3,1750838591.7537515,4,1750838591.717316,13149.0,1750838591.7537515,13153,1750838591.7939434,13158.0,1750838591.6813114,13145.0
150,sensor3,1750838592.5988038,4,1750838592.5626943,13244.0,1750838592.5988038,13248,1750838592.654105,13254.0,1750838592.5175183,13239.0
151,sensor3,1750838593.4861257,4,1750838593.446546,13342.0,1750838593.4861257,13346,1750838593.4861257,13346.0,1750838593.4101238,13337.0
152,sensor3,1750838594.2823966,4,1750838594.2555444,13432.0,1750838594.2823966,13435,1750838594.3462634,13442.0,1750838594.2103355,13427.0
153,sensor3,1750838595.1413496,3,1750838595.1002553,13525.0,1750838595.1413496,13530,,,1750838595.047138,13520.0
154,sensor3,1750838596.0383282,4,1750838595.9833102,13624.0,1750838596.0383282,13629,1750838596.039326,13630.0,1750838595.9652474,13621.0
155,sensor3,1750838596.9016204,4,1750838596.8471074,13720.0,1750838596.9016204,13725,1750838596.9364946,13729.0,1750838596.82904,13717.0
156,sensor3,1750838597.6978838,4,1750838597.6577,13809.0,1750838597.6978838,13814,1750838597.6978838,13814.0,1750838597.6207,13805.0
157,sensor3,1750838598.5394452,4,1750838598.4941978,13903.0,1750838598.5394452,13908,1750838598.575435,13912.0,1750838598.4670105,13900.0
158,sensor3,1750838599.4585412,4,1750838599.393535,14003.0,1750838599.4585412,14009,1750838599.4998398,14014.0,1750838599.384517,14001.0
159,sensor3,1750838600.325944,4,1750838600.2860389,14102.0,1750838600.325944,14106,1750838600.3931208,14113.0,1750838600.253961,14098.0
160,sensor3,1750838601.131018,2,,,1750838601.131018,14196,,,1750838601.0773766,14189.0
161,sensor3,1750838601.9791422,4,1750838601.942097,14286.0,1750838601.9791422,14289,1750838602.0171945,14294.0,1750838601.9057894,14281.0
162,sensor3,1750838602.8495748,4,1750838602.787459,14380.0,1750838602.8495748,14387,1750838602.8405862,14385.0,1750838602.7779083,14379.0
163,sensor3,1750838603.6735983,4,1750838603.6008706,14470.0,1750838603.6735983,14478,1750838603.686242,14480.0,1750838603.596718,14469.0
164,sensor3,1750838604.802591,2,,,1750838604.802591,14604,,,1750838604.6948357,14592.0
165,sensor3,1750838605.297056,4,1750838605.145185,14642.0,1750838605.297056,14659,1750838605.1094558,14637.0,1750838605.2359395,14652.0
166,sensor3,1750838606.125526,4,1750838606.11751,14749.0,1750838606.125526,14751,1750838606.1933117,14758.0,1750838606.0181212,14739.0
167,sensor3,1750838606.9898424,2,,,1750838606.9898424,14847,1750838607.0215578,14850.0,,
168,sensor3,1750838607.853889,4,1750838607.853889,14943.0,1750838607.853889,14943,1750838607.916485,14949.0,1750838607.55676,14909.0
169,sensor3,1750838608.6463425,3,,,1750838608.6463425,15031,1750838608.654703,15032.0,1750838608.641344,15030.0
170,sensor3,1750838609.4653864,3,1750838609.4019277,15115.0,1750838609.4653864,15122,1750838609.473425,15123.0,,
171,sensor3,1750838610.2659824,4,1750838610.2253966,15206.0,1750838610.2659824,15211,1750838610.2659824,15211.0,1750838610.2253966,15206.0
172,sensor3,1750838611.0216565,3,1750838610.9869325,15291.0,1750838611.0216565,15295,1750838611.0570023,15299.0,,
173,sensor3,1750838611.823095,4,1750838611.7779336,15379.0,1750838611.823095,15384,1750838611.859391,15388.0,1750838611.7509484,15376.0
174,sensor3,1750838612.637214,4,1750838612.597079,15469.0,1750838612.637214,15474,1750838612.6698184,15478.0,1750838612.5429137,15464.0
175,sensor3,1750838613.4656336,4,1750838613.4240816,15561.0,1750838613.4656336,15566,1750838613.5016065,15570.0,1750838613.3885498,15557.0
176,sensor3,1750838614.2253785,4,1750838614.1805751,15645.0,1750838614.2253785,15651,1750838614.2253785,15651.0,1750838614.163573,15644.0
177,sensor3,1750838615.0161266,4,1750838614.9732924,15733.0,1750838615.0161266,15739,1750838615.0448413,15741.0,1750838614.9462929,15731.0
178,sensor3,1750838615.836367,4,1750838615.7839627,15824.0,1750838615.836367,15829,1750838615.8543804,15832.0,1750838615.7469752,15820.0
179,sensor3,1750838616.683185,4,1750838616.6460917,15920.0,1750838616.683185,15924,1750838616.673187,15923.0,1750838616.6109264,15916.0
180,sensor3,1750838617.501413,4,1750838617.456205,16009.0,1750838617.501413,16015,1750838617.497406,16014.0,1750838617.4290292,16007.0
181,sensor3,1750838618.3655758,4,1750838618.329357,16107.0,1750838618.3655758,16111,1750838618.4025986,16115.0,1750838618.2938962,16103.0
182,sensor3,1750838619.2611413,4,1750838619.2250204,16206.0,1750838619.2611413,16210,1750838619.309759,16216.0,1750838619.1949692,16203.0
183,sensor3,1750838620.1974826,4,1750838620.13919,16308.0,1750838620.1974826,16314,1750838620.2287269,16318.0,1750838620.125195,16306.0
184,sensor3,1750838621.0563529,4,1750838621.025185,16406.0,1750838621.0563529,16409,1750838621.0753205,16412.0,1750838620.966186,16400.0
185,sensor3,1750838621.8936138,4,1750838621.8532434,16498.0,1750838621.8936138,16503,1750838621.9257812,16506.0,1750838621.8219082,16495.0
186,sensor3,1750838622.7850788,4,1750838622.748763,16597.0,1750838622.7850788,16601,1750838622.8213007,16605.0,1750838622.6947107,16592.0
187,sensor3,1750838623.6889455,4,1750838623.6494443,16697.0,1750838623.6889455,16702,1750838623.724584,16706.0,1750838623.6124165,16693.0
188,sensor3,1750838624.521468,4,1750838624.4769187,16790.0,1750838624.521468,16795,1750838624.521468,16795.0,1750838624.441731,16785.0
189,sensor3,1750838625.359487,4,1750838625.3222828,16884.0,1750838625.359487,16888,1750838625.394919,16892.0,1750838625.2776415,16879.0
190,sensor3,1750838626.257949,4,1750838626.1864412,16980.0,1750838626.257949,16988,1750838626.2814546,16990.0,1750838626.1773465,16979.0
191,sensor3,1750838627.1406264,3,1750838627.1141765,17083.0,1750838627.1406264,17086,,,1750838627.0693166,17078.0
192,sensor3,1750838628.114654,4,1750838628.3104906,17216.0,1750838628.114654,17194,1750838628.080969,17190.0,1750838627.943049,17175.0
193,sensor3,1750838629.6776972,4,1750838629.6694474,17367.0,1750838629.6776972,17368,1750838629.733486,17374.0,1750838629.6422932,17364.0
194,sensor3,1750838630.533972,3,,,1750838630.533972,17463,1750838630.5244453,17461.0,1750838630.4525366,17453.0
195,sensor3,1750838631.2864852,4,1750838631.244969,17542.0,1750838631.2864852,17546,1750838631.317173,17549.0,1750838631.2172484,17539.0
196,sensor3,1750838632.0818863,4,1750838632.045375,17631.0,1750838632.0818863,17635,1750838632.1264822,17640.0,1750838632.045375,17631.0
197,sensor3,1750838632.9365394,4,1750838632.901832,17725.0,1750838632.9365394,17730,1750838632.990527,17736.0,1750838632.8686774,17722.0
198,sensor3,1750838633.7294874,4,1750838633.6655693,17811.0,1750838633.7294874,17817,1750838633.710162,17816.0,1750838633.980407,17845.0
199,sensor3,1750838634.4938712,4,1750838634.4493077,17898.0,1750838634.4938712,17903,1750838634.5384033,17908.0,1750838634.429636,17896.0
200,sensor3,1750838635.2863626,4,1750838635.2517312,17987.0,1750838635.2863626,17991,1750838635.3122203,17994.0,1750838635.2130828,17983.0
201,sensor3,1750838636.1047094,4,1750838636.068879,18077.0,1750838636.1047094,18082,1750838636.1404183,18086.0,1750838636.0326295,18073.0
202,sensor3,1750838636.8699613,4,1750838636.8332791,18163.0,1750838636.8699613,18167,1750838636.89595,18169.0,1750838636.79718,18159.0
203,sensor3,1750838637.6572568,4,1750838637.616703,18249.0,1750838637.6572568,18254,1750838637.6612575,18255.0,1750838637.5807145,18245.0
204,sensor3,1750838638.4799814,4,1750838638.425691,18340.0,1750838638.4799814,18345,1750838638.5159707,18349.0,1750838638.38052,18335.0
205,sensor3,1750838639.344233,4,1750838639.312988,18438.0,1750838639.344233,18441,1750838639.3843265,18446.0,1750838639.2719862,18433.0
206,sensor3,1750838640.1776495,4,1750838640.1362264,18529.0,1750838640.1776495,18534,1750838640.181151,18535.0,1750838640.0996895,18525.0
207,sensor3,1750838641.0011363,4,1750838640.9696326,18622.0,1750838641.0011363,18626,1750838641.0453055,18631.0,1750838640.9279623,18617.0
208,sensor3,1750838641.8823533,4,1750838641.845482,18720.0,1750838641.8823533,18724,1750838641.9363248,18730.0,1750838641.828128,18717.0
209,sensor3,1750838642.8356032,4,1750838642.773689,18823.0,1750838642.8356032,18829,1750838642.8726182,18833.0,1750838642.746165,18820.0
210,sensor3,1750838643.7452016,4,1750838643.7088137,18927.0,1750838643.7452016,18931,1750838643.781902,18935.0,1750838643.6726856,18923.0
211,sensor3,1750838644.6090024,4,1750838644.5683985,19022.0,1750838644.6090024,19027,1750838644.6181068,19028.0,1750838644.5293047,19018.0
212,sensor3,1750838645.4640436,4,1750838645.4282117,19117.0,1750838645.4640436,19121,1750838645.4731724,19123.0,1750838645.3920972,19113.0
213,sensor3,1750838646.3283036,4,1750838646.274896,19212.0,1750838646.3283036,19217,1750838646.3651042,19222.0,1750838646.2386718,19208.0
214,sensor3,1750838647.1931002,4,1750838647.17405,19312.0,1750838647.1931002,19314,1750838647.268895,19322.0,1750838647.125052,19306.0
215,sensor3,1750838648.0195909,4,1750838648.001584,19404.0,1750838648.0195909,19405,1750838648.0604875,19410.0,1750838647.949036,19398.0
216,sensor3,1750838648.8851902,3,,,1750838648.8851902,19502,1750838648.928423,19507.0,1750838648.7852874,19491.0
217,sensor3,1750838649.7844355,4,1750838649.716806,19594.0,1750838649.7844355,19601,1750838649.8294623,19607.0,1750838649.6849742,19591.0
218,sensor3,1750838650.5804348,4,1750838650.5573802,19688.0,1750838650.5804348,19690,1750838650.6209495,19695.0,1750838650.2879488,19657.0
219,sensor3,1750838651.4459896,4,1750838651.3764768,19779.0,1750838651.4459896,19786,1750838651.4858675,19791.0,1750838651.3724778,19778.0
220,sensor3,1750838652.349117,4,1750838652.304165,19881.0,1750838652.349117,19887,1750838652.4121065,19893.0,1750838652.268751,19878.0
221,sensor3,1750838653.2772398,4,1750838653.21368,19983.0,1750838653.2772398,19989,1750838653.3210945,19995.0,1750838653.1853988,19980.0
222,sensor3,1750838654.1083157,4,1750838654.0678325,20077.0,1750838654.1083157,20082,1750838654.150856,20087.0,1750838654.0321443,20073.0
223,sensor3,1750838655.0121915,4,1750838654.9683423,20178.0,1750838655.0121915,20183,1750838655.04019,20185.0,1750838654.932505,20174.0
224,sensor3,1750838655.958535,4,1750838655.9132757,20283.0,1750838655.958535,20288,1750838655.9947393,20292.0,1750838655.8773563,20279.0
225,sensor3,1750838656.8483126,4,1750838656.8031754,20381.0,1750838656.8483126,20387,1750838656.8815832,20390.0,1750838656.7679613,20377.0
226,sensor3,1750838657.6851296,4,1750838657.6401403,20475.0,1750838657.6851296,20480,1750838657.721992,20484.0,1750838657.605785,20471.0
227,sensor3,1750838658.5685089,4,1750838658.5139232,20572.0,1750838658.5685089,20577,1750838658.5729094,20578.0,1750838658.4686944,20567.0
228,sensor3,1750838659.441185,4,1750838659.3961792,20670.0,1750838659.441185,20675,1750838659.4321785,20673.0,1750838659.3606706,20665.0
229,sensor3,1750838660.3322563,4,1750838660.2966285,20769.0,1750838660.3322563,20773,1750838660.3492644,20776.0,1750838660.2415218,20764.0
230,sensor3,1750838661.1416862,4,1750838661.0890238,20858.0,1750838661.1416862,20864,1750838661.1644232,20866.0,1750838661.0560713,20854.0
231,sensor3,1750838661.9517322,4,1750838662.1739955,20978.0,1750838661.9517322,20953,1750838661.9698856,20956.0,1750838661.8796167,20945.0
232,sensor3,1750838662.8510249,4,1750838662.798011,21048.0,1750838662.8510249,21053,1750838662.8919716,21058.0,1750838662.7612586,21044.0
233,sensor3,1750838663.7890306,4,1750838663.7517877,21153.0,1750838663.7890306,21158,1750838663.8050113,21160.0,1750838663.7161748,21150.0
234,sensor3,1750838664.6527896,4,1750838664.616469,21249.0,1750838664.6527896,21254,1750838664.6876457,21257.0,1750838664.5602484,21244.0
235,sensor3,1750838665.5170894,4,1750838665.4617474,21344.0,1750838665.5170894,21349,1750838665.5571206,21354.0,1750838665.4253633,21340.0
236,sensor3,1750838666.460742,4,1750838666.421064,21450.0,1750838666.460742,21455,1750838666.5052526,21460.0,1750838666.384071,21446.0
237,sensor3,1750838667.427894,4,1750838667.387904,21557.0,1750838667.427894,21562,1750838667.4602945,21565.0,1750838667.3526025,21554.0
238,sensor3,1750838668.2873137,4,1750838668.2240734,21651.0,1750838668.2873137,21657,1750838668.3053362,21660.0,1750838668.198176,21648.0
239,sensor3,1750838669.172,4,1750838669.120432,21750.0,1750838669.172,21756,1750838669.3038678,21771.0,1750838669.0801003,21745.0
240,sensor3,1750838670.087974,4,1750838670.0341065,21852.0,1750838670.087974,21857,1750838670.095904,21859.0,1750838669.9976633,21848.0
241,sensor3,1750838670.9925003,4,1750838670.951785,21953.0,1750838670.9925003,21958,1750838670.996981,21959.0,1750838670.915786,21949.0
242,sensor3,1750838671.8341107,4,1750838671.7846253,22046.0,1750838671.8341107,22052,1750838671.8740551,22056.0,1750838671.743754,22041.0
243,sensor3,1750838672.6877751,4,1750838672.6482396,22142.0,1750838672.6877751,22147,1750838672.7200108,22150.0,1750838672.608951,22138.0
244,sensor3,1750838673.6156385,4,1750838673.551959,22243.0,1750838673.6156385,22249,1750838673.68698,22257.0,1750838673.5439177,22241.0
245,sensor3,1750838674.5876973,4,1750838674.5245614,22351.0,1750838674.5876973,22357,1750838674.696633,22370.0,1750838674.489045,22347.0
246,sensor3,1750838675.7844164,2,,,1750838675.7844164,22491,1750838675.9197505,22505.0,,
247,sensor3,1750838677.1521392,4,1750838677.224016,22651.0,1750838677.1521392,22643,1750838677.1881497,22647.0,1750838677.112431,22638.0
248,sensor3,1750838678.048184,3,,,1750838678.048184,22742,1750838678.1869712,22757.0,1750838677.971275,22733.0
249,sensor3,1750838679.0519838,3,1750838678.7627935,22821.0,1750838679.0519838,22854,1750838679.1641345,22866.0,,
250,sensor3,1750838680.2758396,3,1750838680.171979,22978.0,1750838680.2758396,22989,1750838680.293829,22992.0,,
251,sensor3,1750838681.392974,3,1750838681.3566644,23110.0,1750838681.392974,23113,1750838681.4315696,23118.0,,
252,sensor3,1750838682.3817413,4,1750838682.3268735,23217.0,1750838682.3817413,23224,1750838682.2276433,23207.0,1750838682.300359,23215.0
253,sensor3,1750838689.5451324,4,1750838689.5365655,24019.0,1750838689.5451324,24020,1750838689.5984058,24025.0,1750838689.499926,24015.0
254,sensor3,1750838691.345002,4,1750838691.327016,24217.0,1750838691.345002,24220,1750838691.345002,24220.0,1750838691.2914205,24213.0
255,sensor3,1750838693.1635118,4,1750838693.1001296,24415.0,1750838693.1635118,24421,1750838693.1675134,24422.0,1750838693.073132,24412.0
256,sensor3,1750838694.0280354,4,1750838693.9726772,24512.0,1750838694.0280354,24517,1750838694.0678613,24522.0,1750838693.9275353,24507.0
257,sensor3,1750838694.8960724,4,1750838694.855409,24609.0,1750838694.8960724,24614,1750838694.926914,24617.0,1750838694.7917447,24603.0
258,sensor3,1750838695.7640443,4,1750838695.7283168,24707.0,1750838695.7640443,24711,1750838695.7732203,24712.0,1750838695.683251,24702.0
259,sensor3,1750838696.6193368,4,1750838696.5681343,24800.0,1750838696.6193368,24805,1750838696.628334,24807.0,1750838696.5290897,24796.0
260,sensor3,1750838697.455691,4,1750838697.4193962,24895.0,1750838697.455691,24899,1750838697.4836764,24901.0,1750838697.3923912,24892.0
261,sensor3,1750838698.3111684,4,1750838698.2769153,24989.0,1750838698.3111684,24993,1750838698.3156776,24994.0,1750838698.2209008,24984.0
262,sensor3,1750838699.1074266,4,1750838699.0404146,25075.0,1750838699.1074266,25082,1750838699.1434722,25086.0,1750838699.0361545,25074.0
263,sensor3,1750838699.9851294,4,1750838699.8299584,25162.0,1750838699.9851294,25180,1750838699.9851294,25180.0,1750838699.9135356,25172.0
264,sensor3,1750838700.911519,3,1750838700.9034998,25281.0,1750838700.911519,25283,,,1750838700.830757,25273.0
265,sensor3,1750838701.7804132,4,1750838702.0282016,25407.0,1750838701.7804132,25379,1750838701.6767895,25368.0,1750838701.5194197,25350.0
266,sensor3,1750838702.563129,3,,,1750838702.563129,25466,1750838702.5941515,25469.0,1750838702.4882205,25457.0
267,sensor3,1750838703.3866782,4,1750838703.3506784,25553.0,1750838703.3866782,25557,1750838703.3956797,25559.0,1750838703.2971177,25548.0
268,sensor3,1750838704.2230766,4,1750838704.1870782,25647.0,1750838704.2230766,25651,1750838704.2596345,25655.0,1750838704.152078,25643.0
269,sensor3,1750838705.0599794,4,1750838705.0429754,25741.0,1750838705.0599794,25744,1750838705.0519617,25743.0,1750838704.980406,25735.0
270,sensor3,1750838705.8800237,4,1750838705.8754044,25834.0,1750838705.8800237,25835,1750838706.0240471,25851.0,1750838705.807541,25827.0
271,sensor3,1750838706.7089355,4,1750838706.7170856,25928.0,1750838706.7089355,25927,1750838706.698944,25925.0,1750838706.635807,25919.0
272,sensor3,1750838707.572225,4,1750838707.5981407,26025.0,1750838707.572225,26023,1750838707.5812235,26024.0,1750838707.4998274,26015.0
273,sensor3,1750838708.3642766,4,1750838708.300046,26104.0,1750838708.3642766,26111,1750838708.39128,26114.0,1750838708.300046,26104.0
274,sensor3,1750838709.1201346,4,1750838709.0751472,26189.0,1750838709.1201346,26195,1750838709.128132,26196.0,1750838709.0481317,26187.0
275,sensor3,1750838709.9122517,4,1750838709.866918,26277.0,1750838709.9122517,26283,1750838709.867915,26278.0,1750838709.8313594,26273.0
276,sensor3,1750838710.7128384,4,1750838710.6948545,26369.0,1750838710.7128384,26372,1750838710.7400694,26375.0,1750838710.663348,26366.0
277,sensor3,1750838711.5588431,4,1750838711.504289,26460.0,1750838711.5588431,26466,1750838711.5768456,26468.0,1750838711.4912798,26458.0
278,sensor3,1750838712.4270675,4,1750838712.4050744,26560.0,1750838712.4270675,26562,1750838712.4761925,26568.0,1750838712.3600757,26555.0
279,sensor3,1750838713.3678374,4,1750838713.3406732,26664.0,1750838713.3678374,26667,1750838713.4128366,26672.0,1750838713.2959256,26659.0
280,sensor3,1750838714.3489013,4,1750838714.2992806,26770.0,1750838714.3489013,26776,1750838714.3848894,26780.0,1750838714.2777665,26768.0
281,sensor3,1750838715.2764106,4,1750838715.231376,26873.0,1750838715.2764106,26879,1750838715.3213277,26884.0,1750838715.2033703,26871.0
282,sensor3,1750838716.1393166,4,1750838716.0941703,26969.0,1750838716.1393166,26975,1750838716.1850064,26980.0,1750838716.0681765,26967.0
283,sensor3,1750838717.0488734,4,1750838717.0308506,27073.0,1750838717.0488734,27076,1750838717.075354,27079.0,1750838716.995851,27070.0
284,sensor3,1750838717.9850502,4,1750838717.9489772,27176.0,1750838717.9850502,27180,1750838718.003034,27182.0,1750838717.903973,27171.0
285,sensor3,1750838718.8474698,3,1750838718.723874,27262.0,1750838718.8474698,27276,,,1750838718.777442,27268.0
286,sensor3,1750838720.2889297,4,1750838720.4154806,27450.0,1750838720.2889297,27436,1750838720.4870195,27457.0,1750838720.3784769,27445.0
287,sensor3,1750838721.2961717,3,,,1750838721.2961717,27548,1750838721.332158,27552.0,1750838721.2111392,27538.0
288,sensor3,1750838722.107567,4,1750838722.071556,27634.0,1750838722.107567,27638,1750838722.151576,27643.0,1750838722.0394168,27630.0
289,sensor3,1750838722.9804597,4,1750838722.9338405,27729.0,1750838722.9804597,27735,1750838723.024476,27740.0,1750838722.8997476,27726.0
290,sensor3,1750838723.9437003,4,1750838723.8797252,27835.0,1750838723.9437003,27842,1750838723.9832785,27846.0,1750838723.8706956,27833.0
291,sensor3,1750838724.9865258,4,1750838724.931991,27952.0,1750838724.9865258,27957,1750838725.0045416,27960.0,1750838724.9149048,27949.0
292,sensor3,1750838725.9227445,4,1750838725.86874,28056.0,1750838725.9227445,28062,1750838725.9588952,28065.0,1750838725.849941,28053.0
293,sensor3,1750838726.9307697,4,1750838726.8936229,28169.0,1750838726.9307697,28174,1750838726.970798,28178.0,1750838726.859092,28165.0
294,sensor3,1750838727.947644,4,1750838727.9206612,28284.0,1750838727.947644,28287,1750838727.983873,28291.0,1750838727.8836615,28280.0
295,sensor3,1750838728.891715,3,1750838728.882717,28391.0,1750838728.891715,28392,,,1750838728.8381915,28385.0
296,sensor3,1750838729.8509803,3,1750838729.8099952,28493.0,1750838729.8509803,28498,,,1750838729.7919822,28492.0
297,sensor3,1750838730.783019,4,1750838731.0753756,28634.0,1750838730.783019,28602,1750838730.5844944,28580.0,1750838730.727445,28596.0
298,sensor3,1750838731.6190803,3,,,1750838731.6190803,28695,1750838731.6868238,28702.0,1750838731.555935,28688.0
299,sensor3,1750838732.4393802,3,1750838732.406878,28782.0,1750838732.4393802,28786,,,1750838732.375519,28779.0
300,sensor3,1750838733.3424616,4,1750838733.3023748,28881.0,1750838733.3424616,28886,1750838733.3424616,28886.0,1750838733.2678545,28878.0
301,sensor3,1750838734.3562667,4,1750838734.3148017,28994.0,1750838734.3562667,28999,1750838734.4007072,29004.0,1750838734.277182,28990.0
302,sensor3,1750838735.2869773,4,1750838735.227718,29096.0,1750838735.2869773,29102,1750838735.3719866,29112.0,1750838735.214707,29094.0
303,sensor3,1750838736.222391,4,1750838736.5061147,29237.0,1750838736.222391,29206,1750838736.2544374,29209.0,1750838736.1469617,29197.0
304,sensor3,1750838737.2262397,4,1750838737.1992297,29315.0,1750838737.2262397,29317,1750838737.244231,29320.0,1750838737.1539917,29309.0
305,sensor3,1750838738.1795952,3,,,1750838738.1795952,29424,1750838738.3785226,29445.0,1750838738.3827362,29446.0
306,sensor3,1750838739.0263867,3,,,1750838739.0263867,29517,1750838739.1429286,29531.0,1750838738.9909863,29514.0
307,sensor3,1750838739.8357148,4,1750838739.5844102,29580.0,1750838739.8357148,29608,1750838739.8727295,29612.0,1750838739.782146,29601.0
308,sensor3,1750838741.339226,4,1750838741.4739912,29789.0,1750838741.339226,29775,1750838741.5823634,29801.0,1750838741.4559877,29788.0
309,sensor3,1750838742.3383784,4,1750838742.3013628,29881.0,1750838742.3383784,29886,1750838742.382399,29891.0,1750838742.2656572,29877.0
310,sensor3,1750838743.1120102,4,1750838743.059484,29966.0,1750838743.1120102,29972,1750838743.1120102,29972.0,1750838743.0312169,29963.0
311,sensor3,1750838743.9222052,4,1750838743.8856816,30057.0,1750838743.9222052,30062,1750838743.9582164,30065.0,1750838743.8501492,30054.0
312,sensor3,1750838744.8218763,4,1750838744.767356,30156.0,1750838744.8218763,30161,1750838744.8398924,30164.0,1750838744.7503555,30153.0
313,sensor3,1750838745.766666,4,1750838745.721674,30261.0,1750838745.766666,30267,1750838745.8028865,30271.0,1750838745.6951509,30259.0
314,sensor3,1750838746.658654,4,1750838746.4424508,30341.0,1750838746.658654,30366,1750838746.6756492,30368.0,1750838746.5865405,30358.0
315,sensor3,1750838747.55756,4,1750838747.4227967,30451.0,1750838747.55756,30465,1750838747.599049,30470.0,1750838747.490535,30458.0
316,sensor3,1750838748.430926,4,1750838748.188311,30536.0,1750838748.430926,30563,1750838748.462437,30566.0,1750838748.3326142,30552.0
317,sensor3,1750838749.3221617,4,1750838749.2545662,30654.0,1750838749.3221617,30661,1750838749.358187,30665.0,1750838749.2323604,30652.0
318,sensor3,1750838750.1138582,4,1750838750.0603764,30744.0,1750838750.1138582,30749,1750838750.1227996,30751.0,1750838750.0412805,30741.0
319,sensor3,1750838750.9466698,4,1750838750.905748,30837.0,1750838750.9466698,30842,1750838750.9780705,30846.0,1750838750.870299,30833.0
320,sensor3,1750838751.8775363,4,1750838751.8242075,30940.0,1750838751.8775363,30945,1750838751.8458376,30942.0,1750838751.7883244,30936.0
321,sensor3,1750838752.8314614,4,1750838752.787278,31047.0,1750838752.8314614,31052,1750838752.8544722,31054.0,1750838752.7511437,31043.0
322,sensor3,1750838753.7178676,4,1750838753.6596117,31144.0,1750838753.7178676,31150,1750838753.732599,31152.0,1750838753.6511953,31143.0
323,sensor3,1750838754.6857057,3,1750838754.6503198,31253.0,1750838754.6857057,31258,,,1750838754.582273,31246.0
324,sensor3,1750838755.6219282,3,1750838755.4147067,31339.0,1750838755.6219282,31361,,,1750838755.5499728,31354.0
325,sensor3,1750838756.5309658,4,1750838756.4595392,31455.0,1750838756.5309658,31463,1750838756.576015,31468.0,1750838756.4595392,31455.0
326,sensor3,1750838757.331773,3,,,1750838757.331773,31552,1750838757.3940082,31559.0,1750838757.2781177,31545.0
327,sensor3,1750838758.50184,2,,,1750838758.50184,31681,1750838758.6145897,31694.0,,
328,sensor3,1750838759.941715,3,1750838759.9058444,31837.0,1750838759.941715,31841,1750838759.9767172,31845.0,,
329,sensor3,1750838760.7875566,4,1750838760.7518554,31932.0,1750838760.7875566,31936,1750838760.8055725,31937.0,1750838760.698721,31925.0
330,sensor3,1750838761.602194,4,1750838761.5609095,32021.0,1750838761.602194,32026,1750838761.6071925,32027.0,1750838761.5263977,32017.0
331,sensor3,1750838762.578436,4,1750838762.515431,32128.0,1750838762.578436,32135,1750838762.610644,32138.0,1750838762.4980817,32125.0
332,sensor3,1750838763.6496882,4,1750838763.5958538,32248.0,1750838763.6496882,32253,1750838763.6507783,32254.0,1750838763.5511563,32243.0
333,sensor3,1750838764.6750965,3,,,1750838764.6750965,32368,1750838764.6619086,32366.0,1750838764.5900483,32358.0
334,sensor3,1750838765.5976748,4,1750838765.5399597,32464.0,1750838765.5976748,32470,1750838765.593661,32469.0,1750838765.5224664,32461.0
335,sensor3,1750838766.5680785,4,1750838766.529394,32573.0,1750838766.5680785,32578,1750838766.3899994,32558.0,1750838766.4745395,32568.0
336,sensor3,1750838767.5370774,4,1750838767.465442,32677.0,1750838767.5370774,32685,1750838767.5556064,32688.0,1750838767.4352806,32674.0
337,sensor3,1750838768.2983007,3,,,1750838768.2983007,32770,1750838768.4784164,32790.0,1750838768.3387232,32775.0
338,sensor3,1750838769.3399384,4,1750838769.2473774,32876.0,1750838769.3399384,32886,1750838769.414518,32894.0,1750838769.1042724,32860.0
339,sensor3,1750838770.8672652,4,1750838770.893701,33059.0,1750838770.8672652,33056,1750838770.889598,33058.0,1750838770.8229587,33051.0
340,sensor3,1750838771.6506834,3,1750838771.5888002,33136.0,1750838771.6506834,33143,1750838771.640693,33141.0,,
341,sensor3,1750838772.398646,4,1750838772.326049,33218.0,1750838772.398646,33226,1750838772.398646,33226.0,1750838772.221414,33206.0
342,sensor3,1750838773.1173313,4,1750838773.0641165,33300.0,1750838773.1173313,33305,1750838773.134542,33308.0,1750838773.0495906,33298.0
343,sensor3,1750838773.9183562,4,1750838773.8730764,33389.0,1750838773.9183562,33395,1750838773.946725,33398.0,1750838773.7645605,33377.0
344,sensor3,1750838774.9539917,4,1750838774.8994503,33504.0,1750838774.9539917,33510,1750838774.9539917,33510.0,1750838774.8451228,33497.0
345,sensor3,1750838775.76321,4,1750838775.7456572,33597.0,1750838775.76321,33600,1750838775.7905548,33603.0,1750838775.7456572,33597.0
346,sensor3,1750838776.646938,4,1750838776.591282,33692.0,1750838776.646938,33698,1750838776.6815722,33701.0,1750838776.5777817,33690.0
347,sensor3,1750838777.6533084,4,1750838777.6175156,33805.0,1750838777.6533084,33809,1750838777.6713364,33812.0,1750838777.5814166,33801.0
348,sensor3,1750838778.6608613,4,1750838778.6254942,33917.0,1750838778.6608613,33921,1750838778.6617858,33922.0,1750838778.5718486,33912.0
349,sensor3,1750838779.5606933,4,1750838779.525077,34017.0,1750838779.5606933,34021,1750838779.5433884,34020.0,1750838779.4345286,34008.0
350,sensor3,1750838780.4978082,4,1750838780.4338317,34119.0,1750838780.4978082,34125,1750838780.4978082,34125.0,1750838780.3985543,34115.0
351,sensor3,1750838781.4425335,4,1750838781.3978095,34225.0,1750838781.4425335,34231,1750838781.432177,34229.0,1750838781.3659406,34222.0
352,sensor3,1750838782.373788,4,1750838782.3328474,34329.0,1750838782.373788,34334,1750838782.3883026,34336.0,1750838782.2796752,34324.0
353,sensor3,1750838783.2337754,4,1750838783.1977744,34425.0,1750838783.2337754,34429,1750838783.2507975,34432.0,1750838783.1352222,34419.0
354,sensor3,1750838784.1153195,4,1750838784.0703175,34523.0,1750838784.1153195,34528,1750838784.1417089,34531.0,1750838784.0427852,34520.0
355,sensor3,1750838785.069951,4,1750838785.0144377,34628.0,1750838785.069951,34634,1750838785.114613,34639.0,1750838784.9793413,34624.0
356,sensor3,1750838785.9871156,4,1750838785.9425895,34731.0,1750838785.9871156,34736,1750838785.8610988,34721.0,1750838785.932589,34729.0
357,sensor3,1750838786.8782623,3,,,1750838786.8782623,34835,1750838786.7791104,34824.0,1750838786.797123,34825.0
358,sensor3,1750838788.2415774,2,,,1750838788.2415774,34986,,,1750838788.2375848,34985.0
361,sensor3,1750838790.9776587,4,1750838790.904122,35282.0,1750838790.9776587,35290,1750838790.9909225,35292.0,1750838790.873753,35279.0
362,sensor3,1750838791.9263272,4,1750838791.8730452,35389.0,1750838791.9263272,35396,1750838791.945336,35397.0,1750838791.8368924,35385.0
363,sensor3,1750838792.8853564,4,1750838792.8135831,35494.0,1750838792.8853564,35502,1750838792.8811529,35501.0,1750838792.7823274,35491.0
364,sensor3,1750838793.7263503,4,1750838793.6774774,35590.0,1750838793.7263503,35596,1750838793.7858856,35602.0,1750838793.618996,35584.0
365,sensor3,1750838794.617876,4,1750838794.5541575,35688.0,1750838794.617876,35695,1750838794.5730908,35689.0,1750838794.5187154,35684.0
366,sensor3,1750838795.5178306,4,1750838795.4780643,35790.0,1750838795.5178306,35795,1750838795.4780643,35790.0,1750838795.455316,35788.0
367,sensor3,1750838796.4985385,4,1750838796.445125,35897.0,1750838796.4985385,35904,1750838796.4985385,35904.0,1750838796.409366,35893.0
368,sensor3,1750838797.3806016,4,1750838797.3088572,35993.0,1750838797.3806016,36001,1750838797.3625195,36000.0,1750838797.281988,35991.0
369,sensor3,1750838798.1771789,4,1750838798.1097064,36083.0,1750838798.1771789,36090,1750838798.190941,36092.0,1750838798.082517,36080.0
370,sensor3,1750838799.0819497,4,1750838799.0379293,36186.0,1750838799.0819497,36191,1750838799.341997,36220.0,1750838798.9735372,36179.0
371,sensor3,1750838799.9416857,3,,,1750838799.9416857,36286,1750838799.9773202,36290.0,1750838799.9025142,36281.0
372,sensor3,1750838800.6567662,4,1750838800.5850148,36357.0,1750838800.6567662,36365,1750838800.8907158,36392.0,1750838800.801279,36382.0
373,sensor3,1750838801.741558,4,1750838801.7370584,36485.0,1750838801.741558,36486,1750838801.4854138,36457.0,1750838801.6012297,36471.0
374,sensor3,1750838802.5374832,3,1750838802.4573843,36566.0,1750838802.5374832,36575,,,1750838802.456415,36565.0
375,sensor3,1750838803.573633,4,1750838803.5013015,36681.0,1750838803.573633,36690,1750838803.5819151,36691.0,1750838803.46879,36678.0
376,sensor3,1750838804.652702,4,1750838804.5809412,36801.0,1750838804.652702,36809,1750838804.6347628,36808.0,1750838804.5446143,36797.0
377,sensor3,1750838805.561617,4,1750838805.4813557,36901.0,1750838805.561617,36911,1750838805.6071415,36916.0,1750838805.4813557,36901.0
378,sensor3,1750838806.5649638,4,1750838806.497753,37015.0,1750838806.5649638,37022,1750838806.5786092,37024.0,1750838806.461527,37011.0
379,sensor3,1750838807.6148434,4,1750838807.5418525,37131.0,1750838807.6148434,37139,1750838807.6048045,37137.0,1750838807.5137691,37128.0
380,sensor3,1750838808.584586,4,1750838808.541222,37241.0,1750838808.584586,37247,1750838808.5805864,37246.0,1750838808.4691265,37234.0
381,sensor3,1750838809.4767373,4,1750838809.404476,37337.0,1750838809.4767373,37346,1750838809.475747,37345.0,1750838809.404476,37337.0
382,sensor3,1750838810.41317,4,1750838810.5952425,37470.0,1750838810.41317,37450,1750838810.41317,37450.0,1750838810.322589,37440.0
383,sensor3,1750838811.312595,4,1750838811.101049,37526.0,1750838811.312595,37549,1750838811.3305943,37552.0,1750838811.281357,37546.0
384,sensor3,1750838812.284676,4,1750838812.145023,37642.0,1750838812.284676,37657,1750838812.284676,37657.0,1750838812.176072,37645.0
385,sensor3,1750838813.0850208,4,1750838813.0090086,37738.0,1750838813.0850208,37747,1750838813.0770352,37745.0,1750838812.950519,37732.0
386,sensor3,1750838813.8861525,4,1750838813.8324792,37829.0,1750838813.8861525,37836,1750838813.9092531,37838.0,1750838813.795958,37825.0
387,sensor3,1750838814.9124496,4,1750838814.8491986,37943.0,1750838814.9124496,37949,1750838814.9124496,37949.0,1750838814.823423,37940.0
388,sensor3,1750838815.9383142,4,1750838815.8212285,38051.0,1750838815.9383142,38064,1750838815.9760702,38068.0,1750838815.8843997,38057.0
389,sensor3,1750838816.537362,2,,,1750838816.537362,38130,,,1750838816.8248453,38162.0
390,sensor3,1750838817.036518,4,1750838816.8925345,38170.0,1750838817.036518,38185,1750838817.017882,38184.0,1750838816.8248453,38162.0
391,sensor3,1750838817.7766109,4,1750838817.9907212,38292.0,1750838817.7766109,38268,1750838818.0629122,38300.0,1750838817.5224762,38240.0
392,sensor3,1750838818.62484,4,1750838818.530786,38352.0,1750838818.62484,38362,1750838818.6291115,38363.0,1750838818.5127609,38350.0
393,sensor3,1750838819.5231109,4,1750838819.453546,38454.0,1750838819.5231109,38462,1750838819.484738,38457.0,1750838819.4168754,38450.0
394,sensor3,1750838820.3850462,4,1750838820.3304496,38552.0,1750838820.3850462,38558,1750838820.3486314,38554.0,1750838820.285685,38547.0
395,sensor3,1750838821.2572207,4,1750838821.1946692,38648.0,1750838821.2572207,38655,1750838821.2847762,38657.0,1750838821.1768813,38645.0
396,sensor3,1750838822.193854,4,1750838822.1529572,38754.0,1750838822.193854,38759,1750838822.157168,38755.0,1750838822.1124709,38749.0
397,sensor3,1750838823.1738756,4,1750838823.1247716,38862.0,1750838823.1738756,38868,1750838823.1920462,38869.0,1750838823.1027827,38860.0
398,sensor3,1750838824.1651423,4,1750838824.07417,38968.0,1750838824.1651423,38977,1750838823.9305851,38952.0,1750838824.056173,38965.0
399,sensor3,1750838824.9201615,4,1750838824.9201615,39061.0,1750838824.9201615,39061,1750838825.009885,39072.0,1750838824.8660405,39056.0
400,sensor3,1750838825.7209055,4,1750838825.7850215,39157.0,1750838825.7209055,39151,1750838825.7850215,39157.0,1750838825.7489908,39153.0
401,sensor3,1750838826.801265,4,1750838826.7024848,39260.0,1750838826.801265,39271,1750838826.7922482,39269.0,1750838826.6593924,39255.0
402,sensor3,1750838827.494059,4,1750838827.6567273,39365.0,1750838827.494059,39348,1750838827.673831,39368.0,1750838827.5926418,39359.0
403,sensor3,1750838828.8533273,2,,,1750838828.8533273,39499,1750838828.9163668,39505.0,,
404,sensor3,1750838830.2167506,4,1750838830.212197,39649.0,1750838830.2167506,39650,1750838830.288726,39658.0,1750838830.158929,39644.0
405,sensor3,1750838831.8413904,4,1750838831.7421792,39820.0,1750838831.8413904,39831,1750838831.8500946,39832.0,1750838831.733173,39819.0
406,sensor3,1750838833.3262162,3,1750838833.6008084,40026.0,1750838833.3262162,39996,,,1750838833.569369,40023.0
407,sensor3,1750838833.6870432,4,1750838833.6008084,40026.0,1750838833.6870432,40036,1750838833.632266,40029.0,1750838833.569369,40023.0
408,sensor3,1750838834.621588,4,1750838834.5133765,40128.0,1750838834.621588,40140,1750838834.6091871,40138.0,1750838834.496375,40125.0
409,sensor3,1750838835.2925267,3,1750838835.3691611,40223.0,1750838835.2925267,40214,,,1750838835.3611596,40221.0
410,sensor3,1750838836.4125764,4,1750838836.3044236,40327.0,1750838836.4125764,40339,1750838836.2699132,40323.0,1750838836.2699132,40323.0
411,sensor3,1750838837.3223965,4,1750838837.2407558,40431.0,1750838837.3223965,40440,1750838837.3490703,40443.0,1750838837.2327013,40429.0
412,sensor3,1750838838.2126732,4,1750838838.176932,40535.0,1750838838.2126732,40539,1750838838.24077,40542.0,1750838838.1405475,40531.0
413,sensor3,1750838839.0855198,4,1750838839.0319536,40629.0,1750838839.0855198,40636,1750838839.0855198,40636.0,1750838838.9956322,40625.0
414,sensor3,1750838839.949561,4,1750838839.877473,40724.0,1750838839.949561,40732,1750838839.9680872,40733.0,1750838839.8646345,40722.0
415,sensor3,1750838840.8852422,4,1750838840.8314688,40829.0,1750838840.8852422,40836,1750838840.8762438,40835.0,1750838840.800445,40826.0
416,sensor3,1750838841.8757794,4,1750838841.8029373,40937.0,1750838841.8757794,40945,1750838841.8757794,40945.0,1750838841.7724352,40934.0
417,sensor3,1750838842.7215085,4,1750838842.6676123,41033.0,1750838842.7215085,41040,1750838842.7405798,41042.0,1750838842.635961,41030.0
418,sensor3,1750838843.621925,4,1750838843.5362513,41130.0,1750838843.621925,41140,1750838843.6400373,41141.0,1750838843.51375,41128.0
419,sensor3,1750838844.5118728,4,1750838844.4363651,41230.0,1750838844.5118728,41239,1750838844.5444398,41242.0,1750838844.4046776,41227.0
420,sensor3,1750838845.485326,4,1750838845.404709,41338.0,1750838845.485326,41347,1750838845.4943104,41348.0,1750838845.38571,41336.0
421,sensor3,1750838846.4202046,3,1750838846.668046,41478.0,1750838846.4202046,41451,,,1750838846.3393931,41441.0
422,sensor3,1750838847.095713,3,,,1750838847.095713,41525,1750838846.925048,41507.0,1750838847.1679175,41533.0
423,sensor3,1750838848.1388998,4,1750838848.0132236,41628.0,1750838848.1388998,41641,1750838848.2121274,41649.0,1750838847.9961631,41625.0
424,sensor3,1750838849.661199,4,1750838849.661199,41811.0,1750838849.661199,41811,1750838849.732906,41819.0,1750838849.6332452,41808.0
425,sensor3,1750838850.4163127,4,1750838850.5248177,41907.0,1750838850.4163127,41895,1750838850.6323054,41919.0,1750838850.5200648,41906.0
427,sensor3,1750838852.3201358,2,,,1750838852.3201358,42106,1750838852.0986805,42081.0,,
428,sensor3,1750838852.8961391,4,1750838852.792941,42159.0,1750838852.8961391,42170,1750838852.9103017,42172.0,1750838852.75643,42155.0
429,sensor3,1750838853.8687117,4,1750838853.7643292,42267.0,1750838853.8687117,42278,1750838853.7300563,42263.0,1750838853.7643292,42267.0
430,sensor3,1750838854.7727585,4,1750838855.016036,42406.0,1750838854.7727585,42379,1750838854.875903,42390.0,1750838854.7365105,42375.0
431,sensor3,1750838855.7085106,3,,,1750838855.7085106,42483,1750838855.4122825,42450.0,1750838855.7723336,42489.0
432,sensor3,1750838856.9055622,3,,,1750838856.9055622,42616,1750838856.9785662,42624.0,1750838856.762358,42600.0
433,sensor3,1750838858.516029,4,1750838858.4759994,42790.0,1750838858.516029,42795,1750838858.5523138,42799.0,1750838858.444485,42787.0
434,sensor3,1750838859.4446125,4,1750838859.3799603,42891.0,1750838859.4446125,42897,1750838859.44861,42898.0,1750838859.3437634,42887.0
435,sensor3,1750838860.4253378,4,1750838860.3794124,43001.0,1750838860.4253378,43007,1750838860.4253378,43007.0,1750838860.3480525,42998.0
436,sensor3,1750838861.3521564,4,1750838861.2842417,43102.0,1750838861.3521564,43109,1750838861.391679,43114.0,1750838861.2519872,43099.0
437,sensor3,1750838862.2512925,3,,,1750838862.2512925,43209,1750838862.3239603,43217.0,1750838862.2338188,43208.0
438,sensor3,1750838863.3361158,4,1750838863.0970783,43304.0,1750838863.3361158,43330,1750838863.4081144,43338.0,1750838863.303623,43327.0
439,sensor3,1750838864.1953704,4,1750838864.0610511,43411.0,1750838864.1953704,43425,1750838864.3126006,43439.0,1750838864.27705,43435.0
440,sensor3,1750838865.244085,4,1750838865.2038195,43537.0,1750838865.244085,43542,1750838865.221819,43540.0,1750838865.1402876,43531.0
441,sensor3,1750838866.0851414,4,1750838866.040027,43631.0,1750838866.0851414,43636,1750838866.1080267,43638.0,1750838866.0046237,43627.0
442,sensor3,1750838867.0218751,4,1750838866.9771168,43735.0,1750838867.0218751,43740,1750838867.0388918,43741.0,1750838866.931691,43730.0
443,sensor3,1750838868.047418,4,1750838867.9802852,43846.0,1750838868.047418,43853,1750838868.051919,43854.0,1750838867.9500835,43843.0
444,sensor3,1750838868.915843,4,1750838868.8752794,43945.0,1750838868.915843,43950,1750838868.9293358,43952.0,1750838868.8392792,43941.0
445,sensor3,1750838869.820906,4,1750838869.7567132,44044.0,1750838869.820906,44051,1750838869.8518982,44054.0,1750838869.7217278,44040.0
446,sensor3,1750838870.638517,4,1750838870.7563932,44155.0,1750838870.638517,44141,1750838870.69352,44148.0,1750838870.7300525,44152.0
447,sensor3,1750838871.8000467,4,1750838871.7238069,44262.0,1750838871.8000467,44271,1750838871.791155,44269.0,1750838871.7011771,44260.0
448,sensor3,1750838872.511926,3,1750838872.6281822,44363.0,1750838872.511926,44350,,,1750838872.6191876,44361.0
449,sensor3,1750838873.428839,4,1750838873.6000297,44471.0,1750838873.428839,44452,1750838873.554923,44465.0,1750838873.5649865,44467.0
450,sensor3,1750838874.4908328,4,1750838874.5018284,44571.0,1750838874.4908328,44569,1750838874.5641136,44577.0,1750838874.4637911,44567.0
451,sensor3,1750838875.3730974,4,1750838875.3198888,44661.0,1750838875.3730974,44668,1750838875.4100437,44672.0,1750838875.2878444,44658.0
452,sensor3,1750838876.182443,4,1750838876.1119215,44750.0,1750838876.182443,44757,1750838876.1654413,44756.0,1750838876.0839093,44747.0
453,sensor3,1750838877.091455,4,1750838877.020995,44851.0,1750838877.091455,44859,1750838877.087449,44858.0,1750838876.992855,44848.0
454,sensor3,1750838878.0648468,4,1750838877.992086,44959.0,1750838878.0648468,44967,1750838878.0953617,44970.0,1750838877.9830806,44957.0
455,sensor3,1750838878.964053,4,1750838878.9550765,45065.0,1750838878.964053,45067,1750838878.996324,45070.0,1750838878.9013195,45060.0
456,sensor3,1750838879.85546,3,,,1750838879.85546,45165,1750838879.8907676,45169.0,1750838879.756184,45155.0
457,sensor3,1750838880.7594044,4,1750838880.682699,45257.0,1750838880.7594044,45266,1750838880.7912822,45269.0,1750838880.6525292,45254.0
458,sensor3,1750838881.7090838,3,1750838881.691069,45369.0,1750838881.7090838,45372,1750838881.728081,45374.0,,
459,sensor3,1750838882.70373,4,1750838882.6270523,45473.0,1750838882.70373,45482,1750838882.6805832,45480.0,1750838882.5954418,45470.0
460,sensor3,1750838883.5980847,4,1750838883.5277965,45573.0,1750838883.5980847,45581,1750838883.6180823,45584.0,1750838883.4726808,45568.0
461,sensor3,1750838884.4988515,4,1750838884.4357233,45675.0,1750838884.4988515,45681,1750838884.5078764,45683.0,1750838884.400306,45671.0
462,sensor3,1750838885.435568,4,1750838885.3635435,45778.0,1750838885.435568,45785,1750838885.4444575,45787.0,1750838885.331992,45774.0
463,sensor3,1750838886.353388,3,1750838886.307856,45883.0,1750838886.353388,45888,,,1750838886.271872,45879.0
464,sensor3,1750838887.2525904,3,1750838887.144782,45976.0,1750838887.2525904,45988,,,1750838887.1352704,45975.0
465,sensor3,1750838887.919061,2,,,1750838887.919061,46061,,,1750838888.0316486,46074.0
466,sensor3,1750838889.147127,2,,,1750838889.147127,46198,,,1750838888.9989233,46181.0
467,sensor3,1750838889.9165075,3,,,1750838889.9165075,46284,1750838889.9442377,46287.0,1750838889.904026,46282.0
468,sensor3,1750838890.2991004,2,,,1750838890.2991004,46326,,,1750838890.5475695,46354.0
469,sensor3,1750838890.6911676,4,1750838890.6911676,46369.0,1750838890.6911676,46369,1750838890.979298,46401.0,1750838890.5475695,46354.0
470,sensor3,1750838891.8477,3,,,1750838891.8477,46498,1750838891.843044,46497.0,1750838891.6806672,46480.0
471,sensor3,1750838892.3469396,4,1750838892.1750803,46535.0,1750838892.3469396,46554,1750838892.5718265,46579.0,1750838892.1395442,46531.0
472,sensor3,1750838893.3645449,3,,,1750838893.3645449,46667,1750838893.1032586,46637.0,1750838893.6250978,46696.0
473,sensor3,1750838893.940174,3,1750838893.9666348,46733.0,1750838893.940174,46731,1750838893.769716,46712.0,,
474,sensor3,1750838894.398776,2,,,1750838894.398776,46781,1750838894.151563,46754.0,,
475,sensor3,1750838895.0156343,3,1750838894.9750805,46846.0,1750838895.0156343,46850,,,1750838894.939564,46841.0
476,sensor3,1750838895.523941,3,,,1750838895.523941,46907,1750838895.6767955,46924.0,1750838895.8214614,46940.0
477,sensor3,1750838896.4683857,3,,,1750838896.4683857,47012,1750838896.675027,47035.0,1750838896.6043496,47027.0
478,sensor3,1750838897.971352,4,1750838897.9624598,47177.0,1750838897.971352,47179,1750838898.007472,47183.0,1750838897.9004347,47171.0
479,sensor3,1750838898.8357122,4,1750838898.76327,47267.0,1750838898.8357122,47275,1750838898.8622737,47277.0,1750838898.826715,47273.0
480,sensor3,1750838899.8347533,4,1750838899.8073645,47383.0,1750838899.8347533,47385,1750838899.879641,47391.0,1750838899.6548486,47365.0
481,sensor3,1750838900.8249755,4,1750838900.5652962,47467.0,1750838900.8249755,47496,1750838900.851861,47499.0,1750838900.9955251,47515.0
482,sensor3,1750838901.6710382,3,1750838901.4274893,47563.0,1750838901.6710382,47589,1750838901.6791718,47591.0,,
483,sensor3,1750838902.462823,4,1750838902.6065905,47693.0,1750838902.462823,47677,1750838902.471814,47679.0,1750838902.4262042,47673.0
484,sensor3,1750838903.2176614,3,,,1750838903.2176614,47761,1750838903.2632122,47767.0,1750838903.1516533,47754.0
485,sensor3,1750838904.3348098,4,1750838904.271829,47879.0,1750838904.3348098,47885,1750838904.379817,47891.0,1750838904.262264,47877.0
486,sensor3,1750838905.3243754,4,1750838905.3111625,47994.0,1750838905.3243754,47996,1750838905.3604,48000.0,1750838905.271955,47990.0
487,sensor3,1750838911.4705691,4,1750838911.42656,48673.0,1750838911.4705691,48679,1750838911.498258,48681.0,1750838911.399526,48671.0
488,sensor3,1750838912.272903,4,1750838912.2004406,48760.0,1750838912.272903,48768,1750838912.2539012,48765.0,1750838912.1825342,48757.0
489,sensor3,1750838913.0511637,4,1750838913.020157,48851.0,1750838913.0511637,48854,1750838913.086698,48858.0,1750838912.9746356,48846.0
490,sensor3,1750838913.84304,4,1750838913.8015332,48937.0,1750838913.84304,48942,1750838913.84304,48942.0,1750838913.7395127,48931.0
491,sensor3,1750838915.3237567,4,1750838915.2878034,49103.0,1750838915.3237567,49107,1750838915.3692093,49112.0,1750838915.2149138,49095.0
492,sensor3,1750838916.1070096,4,1750838916.070542,49189.0,1750838916.1070096,49193,1750838916.1151063,49195.0,1750838916.0075166,49183.0
493,sensor3,1750838916.9162405,4,1750838916.8627195,49277.0,1750838916.9162405,49284,1750838916.9402816,49286.0,1750838916.8268578,49274.0
494,sensor3,1750838917.7265787,4,1750838917.671605,49368.0,1750838917.7265787,49373,1750838917.7608802,49377.0,1750838917.6366005,49364.0
495,sensor3,1750838918.5274923,4,1750838918.4825375,49457.0,1750838918.5274923,49463,1750838918.5537655,49465.0,1750838918.4469385,49454.0
496,sensor3,1750838919.3552191,4,1750838919.2921069,49548.0,1750838919.3552191,49555,1750838919.38632,49558.0,1750838919.2746024,49545.0
497,sensor3,1750838920.19253,4,1750838920.1481123,49643.0,1750838920.19253,49648,1750838920.245685,49653.0,1750838920.1208885,49640.0
498,sensor3,1750838921.0755029,4,1750838921.0384982,49741.0,1750838921.0755029,49746,1750838921.0554943,49744.0,1750838920.9846458,49736.0
499,sensor3,1750838921.9431834,4,1750838921.9021945,49837.0,1750838921.9431834,49842,1750838921.9786668,49846.0,1750838921.847523,49832.0
500,sensor3,1750838923.3107157,4,1750838923.2526493,49988.0,1750838923.3107157,49994,1750838923.342232,49997.0,1750838923.2346635,49985.0
501,sensor3,1750838924.207696,4,1750838924.152104,50088.0,1750838924.207696,50093,1750838924.2156234,50095.0,1750838924.102927,50082.0
502,sensor3,1750838925.0396411,4,1750838924.971246,50179.0,1750838925.0396411,50186,1750838925.0340965,50185.0,1750838924.9620323,50177.0
503,sensor3,1750838925.8275676,4,1750838925.7904034,50269.0,1750838925.8275676,50273,1750838925.8346326,50275.0,1750838925.7537937,50265.0
504,sensor3,1750838926.6227684,3,,,1750838926.6227684,50362,1750838926.6227684,50362.0,1750838926.5501113,50354.0
505,sensor3,1750838927.4467204,4,1750838927.3929586,50448.0,1750838927.4467204,50453,1750838927.4828246,50457.0,1750838927.3386176,50442.0
506,sensor3,1750838928.320102,4,1750838928.274166,50545.0,1750838928.320102,50551,1750838928.350585,50554.0,1750838928.238167,50541.0
507,sensor3,1750838929.1475873,4,1750838929.10679,50638.0,1750838929.1475873,50643,1750838929.1374593,50641.0,1750838929.070655,50634.0
508,sensor3,1750838930.0385375,4,1750838929.984501,50736.0,1750838930.0385375,50742,1750838930.055535,50744.0,1750838929.9485018,50732.0
509,sensor3,1750838931.0541642,4,1750838931.0095465,50849.0,1750838931.0541642,50855,1750838931.0468242,50854.0,1750838930.9746788,50845.0
510,sensor3,1750838932.0360668,4,1750838931.999513,50960.0,1750838932.0360668,50964,1750838932.0720525,50968.0,1750838931.951322,50954.0
511,sensor3,1750838932.9544177,4,1750838932.9180703,51061.0,1750838932.9544177,51066,1750838932.9943075,51070.0,1750838932.8645213,51056.0
512,sensor3,1750838933.8719034,4,1750838933.8265276,51163.0,1750838933.8719034,51168,1750838933.8719034,51168.0,1750838933.7828107,51158.0
513,sensor3,1750838934.8439276,4,1750838934.7987933,51271.0,1750838934.8439276,51276,1750838934.8989837,51282.0,1750838934.7625272,51267.0
514,sensor3,1750838935.8021617,4,1750838935.7805195,51380.0,1750838935.8021617,51382,1750838935.8164914,51384.0,1750838935.7348027,51375.0
515,sensor3,1750838936.697702,4,1750838936.6626563,51478.0,1750838936.697702,51481,1750838936.7388084,51486.0,1750838936.571818,51468.0
516,sensor3,1750838937.607422,4,1750838937.566757,51578.0,1750838937.607422,51583,1750838937.6161754,51584.0,1750838937.5077386,51572.0
517,sensor3,1750838938.5150464,4,1750838938.480512,51680.0,1750838938.5150464,51684,1750838938.5790603,51691.0,1750838938.4443347,51676.0
518,sensor3,1750838939.3710392,4,1750838939.3304024,51774.0,1750838939.3710392,51779,1750838939.4165604,51784.0,1750838939.2939992,51770.0
519,sensor3,1750838940.2074182,4,1750838940.1914282,51869.0,1750838940.2074182,51872,1750838940.2664657,51878.0,1750838940.154491,51865.0
520,sensor3,1750838941.1444268,4,1750838941.0896218,51969.0,1750838941.1444268,51976,1750838941.166318,51978.0,1750838941.0634224,51967.0
521,sensor3,1750838942.0804307,4,1750838942.030439,52074.0,1750838942.0804307,52080,1750838942.107561,52083.0,1750838941.99865,52071.0
522,sensor3,1750838942.871809,4,1750838942.871809,52168.0,1750838942.871809,52168,1750838942.871809,52168.0,1750838942.8268185,52163.0
523,sensor3,1750838943.8438492,4,1750838943.7981648,52271.0,1750838943.8438492,52276,1750838943.8707497,52279.0,1750838943.77217,52268.0
524,sensor3,1750838944.8060155,3,,,1750838944.8060155,52383,1750838944.815997,52384.0,1750838944.7268894,52374.0
525,sensor3,1750838945.6982665,4,1750838945.6439977,52476.0,1750838945.6982665,52481,1750838945.7346156,52486.0,1750838945.5993114,52471.0
526,sensor3,1750838946.5257535,3,,,1750838946.5257535,52573,1750838946.534278,52575.0,1750838946.4548905,52565.0
527,sensor3,1750838947.4802015,3,,,1750838947.4802015,52680,1750838947.4618485,52677.0,1750838947.4078786,52672.0
528,sensor3,1750838948.9558036,4,1750838949.190578,52870.0,1750838948.9558036,52844,1750838949.230152,52874.0,1750838949.0904827,52859.0
529,sensor3,1750838949.9933412,3,,,1750838949.9933412,52959,1750838950.0185268,52961.0,1750838949.918702,52951.0
530,sensor3,1750838950.7466884,4,1750838950.719133,53040.0,1750838950.7466884,53043,1750838950.782689,53047.0,1750838950.6739683,53035.0
531,sensor3,1750838951.6561017,4,1750838951.606706,53138.0,1750838951.6561017,53144,1750838951.682576,53147.0,1750838951.5834465,53136.0
532,sensor3,1750838952.771845,4,1750838952.7174044,53261.0,1750838952.771845,53268,1750838952.771845,53268.0,1750838952.6819928,53258.0
533,sensor3,1750838953.5549202,3,,,1750838953.5549202,53355,1750838953.7443724,53376.0,1750838953.4018953,53337.0
534,sensor3,1750838954.6300197,3,1750838954.518944,53462.0,1750838954.6300197,53474,1750838954.662155,53477.0,,
535,sensor3,1750838955.606516,2,,,1750838955.606516,53583,1750838955.606516,53583.0,,
536,sensor3,1750838957.261853,4,1750838957.2270656,53763.0,1750838957.261853,53767,1750838957.2941124,53770.0,1750838957.0371284,53741.0
537,sensor3,1750838958.1187649,4,1750838958.081871,53857.0,1750838958.1187649,53862,1750838958.1346164,53864.0,1750838958.054784,53855.0
538,sensor3,1750838958.918326,4,1750838958.8198416,53940.0,1750838958.918326,53951,1750838958.927327,53952.0,1750838958.8457751,53943.0
539,sensor3,1750838959.6471734,4,1750838959.593793,54026.0,1750838959.6471734,54032,1750838959.669781,54034.0,1750838959.9179711,54062.0
540,sensor3,1750838960.3583488,4,1750838960.2954388,54104.0,1750838960.3583488,54111,1750838960.3505733,54110.0,1750838960.3134606,54105.0
541,sensor3,1750838961.2678075,4,1750838961.2217891,54207.0,1750838961.2678075,54212,1750838961.2576675,54211.0,1750838961.1864977,54203.0
542,sensor3,1750838962.230899,4,1750838962.2029002,54316.0,1750838962.230899,54319,1750838962.2667668,54323.0,1750838962.1537983,54310.0
543,sensor3,1750838969.1328695,4,1750838969.0708694,55079.0,1750838969.1328695,55085,1750838969.1518989,55088.0,1750838969.0300472,55074.0
544,sensor3,1750838970.0334542,4,1750838969.9702196,55179.0,1750838970.0334542,55185,1750838970.0414536,55187.0,1750838969.9258292,55174.0
545,sensor3,1750838970.9332843,4,1750838970.870457,55279.0,1750838970.9332843,55285,1750838970.9422965,55287.0,1750838970.833918,55275.0
546,sensor3,1750838971.8518834,4,1750838971.779128,55380.0,1750838971.8518834,55388,1750838971.8698702,55389.0,1750838971.7434103,55376.0
547,sensor3,1750838972.7416975,4,1750838972.697533,55481.0,1750838972.7416975,55487,1750838972.750681,55488.0,1750838972.6339388,55475.0
548,sensor3,1750838973.6379,4,1750838973.5803962,55580.0,1750838973.6379,55586,1750838973.669645,55590.0,1750838973.5431666,55576.0
549,sensor3,1750838975.0543756,4,1750838975.0093763,55739.0,1750838975.0543756,55744,1750838975.0543756,55744.0,1750838974.9748445,55735.0
550,sensor3,1750838975.982313,4,1750838975.901948,55838.0,1750838975.982313,55847,1750838975.9912608,55848.0,1750838976.2264893,55874.0
551,sensor3,1750838976.8733785,4,1750838976.6980088,55926.0,1750838976.8733785,55945,1750838976.8913648,55948.0,1750838976.7836046,55936.0
552,sensor3,1750838977.6379163,4,1750838977.610819,56028.0,1750838977.6379163,56031,1750838977.6479611,56032.0,1750838977.4853082,56013.0
553,sensor3,1750838978.4572325,3,1750838978.3941488,56115.0,1750838978.4572325,56121,1750838978.4653754,56123.0,,
554,sensor3,1750838979.249451,3,,,1750838979.249451,56210,1750838979.2675028,56212.0,1750838979.0057716,56183.0
555,sensor3,1750838980.1894317,4,1750838980.130053,56308.0,1750838980.1894317,56314,1750838980.150173,56310.0,1750838980.04982,56299.0
556,sensor3,1750838981.3006208,2,,,1750838981.3006208,56437,,,1750838981.3730965,56445.0
557,sensor3,1750838981.7058375,2,,,1750838981.7058375,56483,,,1750838981.8227828,56496.0
558,sensor3,1750838983.1098225,2,,,1750838983.1098225,56639,,,1750838983.136736,56641.0
559,sensor3,1750838985.1348245,4,1750838985.189823,56870.0,1750838985.1348245,56864,1750838985.337396,56886.0,1750838985.4222517,56896.0
560,sensor3,1750838986.3769765,4,1750838986.3499737,56999.0,1750838986.3769765,57001,1750838986.3769765,57001.0,1750838986.1779456,56980.0
561,sensor3,1750838987.745537,4,1750838987.9962182,57181.0,1750838987.745537,57154,1750838987.8619597,57167.0,1750838987.745537,57154.0
562,sensor3,1750838989.20234,4,1750838989.4543188,57344.0,1750838989.20234,57316,1750838989.2929494,57325.0,1750838989.1216156,57307.0
563,sensor3,1750838990.6328297,4,1750838990.4865398,57458.0,1750838990.6328297,57475,1750838990.6067226,57472.0,1750838990.5889,57469.0
564,sensor3,1750838991.5422962,4,1750838991.7855632,57603.0,1750838991.5422962,57576,1750838991.5422962,57576.0,1750838991.435515,57564.0
565,sensor3,1750838992.4341123,4,1750838992.424128,57673.0,1750838992.4341123,57675,1750838992.4651437,57678.0,1750838992.3216677,57662.0
566,sensor3,1750838993.361403,4,1750838993.333352,57775.0,1750838993.361403,57777,1750838993.398348,57781.0,1750838993.0823903,57747.0
567,sensor3,1750838994.2069538,4,1750838994.026576,57852.0,1750838994.2069538,57872,1750838994.2069538,57872.0,1750838993.9373891,57842.0
568,sensor3,1750838995.0522015,4,1750838994.837016,57941.0,1750838995.0522015,57965,1750838995.0926518,57970.0,1750838994.9614592,57956.0
569,sensor3,1750838995.8537946,3,,,1750838995.8537946,58055,1750838995.8628628,58056.0,1750838995.700601,58037.0
570,sensor3,1750838996.654787,4,1750838996.677276,58146.0,1750838996.654787,58144,1750838996.677276,58146.0,1750838996.4412067,58120.0
571,sensor3,1750838997.4650235,4,1750838997.7526426,58265.0,1750838997.4650235,58234,1750838997.212712,58205.0,1750838997.626779,58252.0
572,sensor3,1750838998.0493689,3,1750838997.7526426,58265.0,1750838998.0493689,58299,1750838998.2748635,58324.0,,
573,sensor3,1750838999.0844877,4,1750838998.8732097,58390.0,1750838999.0844877,58413,1750838999.088994,58414.0,1750838999.058226,58411.0
574,sensor3,1750838999.8762343,3,1750838999.850222,58499.0,1750838999.8762343,58501,1750838999.9122522,58505.0,,
575,sensor3,1750839000.6419954,3,1750839000.3804295,58557.0,1750839000.6419954,58587,1750839000.7130988,58595.0,,
576,sensor3,1750839001.4791484,3,1750839001.5859933,58692.0,1750839001.4791484,58680,1750839001.4691484,58679.0,,
577,sensor3,1750839002.577252,4,1750839002.7029767,58816.0,1750839002.577252,58802,1750839002.8374825,58831.0,1750839002.8650613,58833.0
578,sensor3,1750839003.710952,3,1750839003.926053,58952.0,1750839003.710952,58928,1750839003.697453,58926.0,,
579,sensor3,1750839004.421611,4,1750839004.2864692,58992.0,1750839004.421611,59007,1750839004.4125168,59005.0,1750839004.2139354,58984.0
580,sensor3,1750839005.141987,4,1750839005.1144052,59084.0,1750839005.141987,59087,1750839005.150166,59088.0,1750839005.384195,59113.0
581,sensor3,1750839006.1943076,2,,,1750839006.1943076,59204,,,1750839006.3207986,59217.0
582,sensor3,1750839007.3007298,4,1750839007.2567198,59322.0,1750839007.3007298,59327,1750839007.3007298,59327.0,1750839007.220145,59317.0
583,sensor3,1750839008.120572,4,1750839008.0665565,59412.0,1750839008.120572,59417,1750839008.1250682,59418.0,1750839008.030529,59408.0
584,sensor3,1750839008.8948529,3,,,1750839008.8948529,59504,1750839008.876064,59501.0,1750839008.804376,59493.0
585,sensor3,1750839009.6369472,4,1750839009.5653875,59578.0,1750839009.6369472,59586,1750839009.6060812,59583.0,1750839009.5427463,59576.0
586,sensor3,1750839010.4288807,4,1750839010.3881383,59669.0,1750839010.4288807,59674,1750839010.424378,59673.0,1750839010.3526592,59665.0
587,sensor3,1750839011.364973,4,1750839011.2976236,59771.0,1750839011.364973,59778,1750839011.3694682,59779.0,1750839011.256591,59766.0
588,sensor3,1750839012.2293758,4,1750839012.1698575,59868.0,1750839012.2293758,59874,1750839012.1618042,59867.0,1750839012.1340845,59864.0
589,sensor3,1750839013.0568645,4,1750839012.998479,59960.0,1750839013.0568645,59966,1750839013.0568645,59966.0,1750839012.953744,59955.0
590,sensor3,1750839013.956486,4,1750839013.8890097,60059.0,1750839013.956486,60066,1750839013.9524915,60065.0,1750839013.8537066,60055.0
591,sensor3,1750839014.9066737,4,1750839014.8526757,60165.0,1750839014.9066737,60172,1750839014.9236894,60173.0,1750839014.821384,60162.0
592,sensor3,1750839015.7877142,4,1750839015.7368932,60264.0,1750839015.7877142,60269,1750839015.796697,60271.0,1750839015.6894128,60259.0
593,sensor3,1750839016.6927214,4,1750839016.6271925,60363.0,1750839016.6927214,60370,1750839016.6966755,60371.0,1750839016.599194,60360.0
594,sensor3,1750839017.624493,4,1750839017.570567,60468.0,1750839017.624493,60473,1750839017.6284633,60474.0,1750839017.5514283,60465.0
595,sensor3,1750839018.569722,4,1750839018.5248723,60573.0,1750839018.569722,60579,1750839018.605893,60583.0,1750839018.4925056,60570.0
596,sensor3,1750839019.5330112,4,1750839019.4789774,60680.0,1750839019.5330112,60686,1750839019.5504816,60688.0,1750839019.4420767,60676.0
597,sensor3,1750839020.4052997,4,1750839020.3783126,60780.0,1750839020.4052997,60783,1750839020.4326894,60785.0,1750839020.3326895,60775.0
598,sensor3,1750839021.3141134,4,1750839021.2601275,60877.0,1750839021.3141134,60884,1750839021.3331914,60885.0,1750839021.233607,60875.0
599,sensor3,1750839022.2327256,4,1750839022.1696346,60979.0,1750839022.2327256,60985,1750839022.2327256,60985.0,1750839022.1429858,60976.0
600,sensor3,1750839023.2036324,4,1750839023.1370487,61086.0,1750839023.2036324,61093,1750839023.204618,61094.0,1750839023.1049526,61083.0
601,sensor3,1750839024.0860145,4,1750839024.03651,61186.0,1750839024.0860145,61192,1750839024.0735002,61190.0,1750839024.00041,61182.0
602,sensor3,1750839024.94164,4,1750839024.6532094,61255.0,1750839024.94164,61287,1750839024.9725933,61290.0,1750839024.8647215,61278.0
603,sensor3,1750839025.9407723,4,1750839025.8855174,61392.0,1750839025.9407723,61397,1750839025.92135,61396.0,1750839025.8408506,61387.0
604,sensor3,1750839026.894701,4,1750839026.849373,61499.0,1750839026.894701,61504,1750839026.8843822,61503.0,1750839026.8084686,61494.0
605,sensor3,1750839027.7845504,4,1750839027.7445323,61598.0,1750839027.7845504,61603,1750839027.7845504,61603.0,1750839027.686219,61592.0
606,sensor3,1750839028.6850078,4,1750839028.6402187,61697.0,1750839028.6850078,61703,1750839028.6850078,61703.0,1750839028.603932,61693.0
607,sensor3,1750839029.657247,4,1750839029.6166224,61806.0,1750839029.657247,61811,1750839029.6662576,61812.0,1750839029.5806332,61802.0
608,sensor3,1750839030.6566117,4,1750839030.6196086,61917.0,1750839030.6566117,61921,1750839030.6732016,61924.0,1750839030.583598,61913.0
609,sensor3,1750839031.5649726,4,1750839031.519943,62017.0,1750839031.5649726,62023,1750839031.5913243,62025.0,1750839031.4653747,62012.0
610,sensor3,1750839032.491696,4,1750839032.428118,62119.0,1750839032.491696,62125,1750839032.491696,62125.0,1750839032.4021285,62116.0
611,sensor3,1750839033.46539,4,1750839033.3925903,62225.0,1750839033.46539,62234,1750839033.46539,62234.0,1750839033.3570724,62222.0
612,sensor3,1750839034.4181285,4,1750839034.3645985,62333.0,1750839034.4181285,62340,1750839034.4361124,62341.0,1750839034.3284907,62330.0
613,sensor3,1750839035.2995791,4,1750839035.245327,62432.0,1750839035.2995791,62437,1750839035.3045802,62438.0,1750839035.2093334,62428.0
614,sensor3,1750839036.2357185,4,1750839036.1645863,62534.0,1750839036.2357185,62541,1750839036.2177043,62540.0,1750839036.1322937,62530.0
615,sensor3,1750839037.2609289,4,1750839037.1899123,62648.0,1750839037.2609289,62656,1750839037.2794516,62657.0,1750839037.177652,62646.0
616,sensor3,1750839038.1530006,4,1750839038.1170452,62751.0,1750839038.1530006,62755,1750839038.1799114,62758.0,1750839038.071514,62745.0
617,sensor3,1750839039.0980957,4,1750839039.0484192,62854.0,1750839039.0980957,62860,1750839039.1206071,62862.0,1750839039.0079162,62850.0
618,sensor3,1750839040.0965009,4,1750839040.0513525,62965.0,1750839040.0965009,62971,1750839040.1280632,62974.0,1750839040.0211232,62962.0
619,sensor3,1750839041.116201,4,1750839041.0333514,63075.0,1750839041.116201,63084,1750839041.1003337,63082.0,1750839041.0053527,63072.0
620,sensor3,1750839041.9678612,4,1750839041.9328494,63175.0,1750839041.9678612,63179,1750839041.9638548,63178.0,1750839041.8918986,63170.0
621,sensor3,1750839042.8773277,3,,,1750839042.8773277,63280,1750839042.901682,63282.0,1750839042.7872145,63269.0
622,sensor3,1750839043.8313787,4,1750839043.5626955,63356.0,1750839043.8313787,63385,1750839043.8313787,63385.0,1750839043.7413762,63376.0
623,sensor3,1750839044.7049172,3,,,1750839044.7049172,63483,1750839044.7319193,63485.0,1750839044.524383,63463.0
624,sensor3,1750839045.5047145,4,1750839045.3430958,63553.0,1750839045.5047145,63572,1750839045.5047145,63572.0,1750839045.383989,63558.0
625,sensor3,1750839046.3164103,3,1750839046.6038902,63693.0,1750839046.3164103,63661,1750839046.2973783,63660.0,,
626,sensor3,1750839047.1613662,3,,,1750839047.1613662,63756,1750839047.181173,63757.0,1750839047.0761986,63746.0
627,sensor3,1750839047.981643,4,1750839047.9404936,63842.0,1750839047.981643,63847,1750839047.981643,63847.0,1750839047.845076,63832.0
628,sensor3,1750839048.7816987,4,1750839048.729184,63930.0,1750839048.7816987,63936,1750839048.7992022,63937.0,1750839048.7281508,63929.0
629,sensor3,1750839049.717869,4,1750839049.6632514,64033.0,1750839049.717869,64040,1750839049.6823645,64036.0,1750839049.609846,64028.0
630,sensor3,1750839050.6899552,4,1750839050.634916,64141.0,1750839050.6899552,64148,1750839050.7120223,64150.0,1750839050.6089144,64139.0
631,sensor3,1750839051.547052,4,1750839051.5086448,64239.0,1750839051.547052,64243,1750839051.547052,64243.0,1750839051.473115,64235.0
632,sensor3,1750839052.47044,4,1750839052.4363031,64342.0,1750839052.47044,64345,1750839052.47044,64345.0,1750839052.400304,64337.0
633,sensor3,1750839053.480281,4,1750839053.4166024,64451.0,1750839053.480281,64458,1750839053.497311,64460.0,1750839053.4075854,64449.0
634,sensor3,1750839054.3836646,4,1750839054.3165402,64551.0,1750839054.3836646,64558,1750839054.3480332,64554.0,1750839054.2809415,64547.0
635,sensor3,1750839055.3155625,4,1750839055.2487342,64654.0,1750839055.3155625,64661,1750839055.2792552,64657.0,1750839055.2161963,64651.0
636,sensor3,1750839056.2958388,4,1750839056.2554054,64766.0,1750839056.2958388,64771,1750839056.3233652,64773.0,1750839056.220198,64762.0
637,sensor3,1750839057.295227,4,1750839057.2322054,64875.0,1750839057.295227,64881,1750839057.2993915,64882.0,1750839057.196058,64871.0
638,sensor3,1750839058.1422625,4,1750839058.105021,64972.0,1750839058.1422625,64976,1750839058.1683254,64979.0,1750839058.0608969,64967.0
639,sensor3,1750839059.0601685,4,1750839059.3297884,65108.0,1750839059.0601685,65077,1750839059.0771663,65080.0,1750839058.988,65070.0
640,sensor3,1750839059.999855,4,1750839059.9328032,65175.0,1750839059.999855,65182,1750839060.0123758,65184.0,1750839059.905783,65172.0
641,sensor3,1750839060.935977,4,1750839060.8774312,65280.0,1750839060.935977,65286,1750839060.935977,65286.0,1750839060.8410656,65276.0
642,sensor3,1750839061.7775884,4,1750839061.7639587,65378.0,1750839061.7775884,65380,1750839061.7775884,65380.0,1750839061.6875503,65369.0
643,sensor3,1750839062.7674596,4,1750839062.6680405,65479.0,1750839062.7674596,65489,1750839062.7674596,65489.0,1750839062.6635408,65478.0
644,sensor3,1750839063.8876934,4,1750839063.8479836,65609.0,1750839063.8876934,65614,1750839063.9013102,65616.0,1750839063.8113835,65605.0
645,sensor3,1750839064.9812715,4,1750839064.9316158,65730.0,1750839064.9812715,65736,1750839064.9994073,65737.0,1750839064.8959498,65726.0
646,sensor3,1750839065.907811,4,1750839065.844422,65832.0,1750839065.907811,65839,1750839065.9400947,65842.0,1750839065.8294234,65829.0
647,sensor3,1750839066.8895233,4,1750839066.8355274,65942.0,1750839066.8895233,65948,1750839066.8754845,65946.0,1750839066.8087366,65939.0
648,sensor3,1750839067.9911556,3,1750839067.9514232,66065.0,1750839067.9911556,66070,,,1750839067.887456,66059.0
649,sensor3,1750839069.0310435,2,,,1750839069.0310435,66185,,,1750839069.3190436,66217.0
650,sensor3,1750839069.661518,2,,,1750839069.661518,66256,1750839069.5045824,66238.0,,
651,sensor3,1750839070.2371278,4,1750839070.2206357,66317.0,1750839070.2371278,66320,1750839070.2733746,66324.0,1750839070.1646852,66312.0
652,sensor3,1750839071.2101953,4,1750839071.126877,66419.0,1750839071.2101953,66428,1750839071.2271314,66429.0,1750839071.1228333,66418.0
653,sensor3,1750839072.204967,4,1750839072.1351902,66531.0,1750839072.204967,66538,1750839072.1994402,66537.0,1750839072.127616,66530.0
654,sensor3,1750839073.0811715,4,1750839073.260677,66656.0,1750839073.0811715,66636,1750839073.029636,66629.0,1750839073.2079468,66650.0
